Workbook
Name a: さといも!$G$161

Sheet さといも
A1: 1．「さといも」の卸売数量と価格の推移 | K1: =TEXT(集計表!$C$1,"(e.m/d～)") -> (8.6/1～)
A2: （東京都中央卸売市場）
AI20: 260
A35: =集計表!C1 -> 46174 | B35: =集計表!D1 -> 6/1 | C35: =集計表!E1 -> 2 | D35: =集計表!F1 -> 4 | E35: =集計表!G1 -> 5 | F35: =集計表!H1 -> 6 | G35: =集計表!I1 -> 8 | H35: =集計表!J1 -> 9 | ... AR35: =集計表!AT1 -> 31
A36: 入荷量 | B36: =IF(集計表!D3="","",集計表!D3) -> 4.293 | C36: =IF(集計表!E3="","",集計表!E3) -> 4.251 | D36: =IF(集計表!F3="","",集計表!F3) -> 3.428 | E36: =IF(集計表!G3="","",集計表!G3) -> 2.711 | F36: =IF(集計表!H3="","",集計表!H3) -> 2.587 | G36: =IF(集計表!I3="","",集計表!I3) -> 6.122 | H36: =IF(集計表!J3="","",集計表!J3) -> 3.671 | I36: =IF(集計表!K3="","",集計表!K3) -> 5.595 | ... AR36: =IF(集計表!AT3="","",集計表!AT3)
A37: 卸売価格 | B37: =IF(集計表!D4=0,NA(),集計表!D4) -> 497 | C37: =IF(集計表!E4=0,NA(),集計表!E4) -> 534 | D37: =IF(集計表!F4=0,NA(),集計表!F4) -> 525 | E37: =IF(集計表!G4=0,NA(),集計表!G4) -> 450 | F37: =IF(集計表!H4=0,NA(),集計表!H4) -> 506 | G37: =IF(集計表!I4=0,NA(),集計表!I4) -> 554 | H37: =IF(集計表!J4=0,NA(),集計表!J4) -> 560 | I37: =IF(集計表!K4=0,NA(),集計表!K4) -> 544 | ... AR37: =IF(集計表!AT4=0,NA(),集計表!AT4) -> #N/A
A38: 平均価格 | B38: =集計表!D5 -> 571 | C38: =集計表!E5 -> 571 | D38: =集計表!F5 -> 571 | E38: =集計表!G5 -> 571 | F38: =集計表!H5 -> 571 | G38: =集計表!I5 -> 571 | H38: =集計表!J5 -> 571 | I38: =集計表!K5 -> 621 | ... AR38: =集計表!AT5 -> 441
A39: 平年比 | B39: =IFERROR(B37/B38, "") -> 0.8704028 | C39: =IFERROR(C37/C38, "") -> 0.9352014 | D39: =IFERROR(D37/D38, "") -> 0.91943958 | E39: =IFERROR(E37/E38, "") -> 0.78809107 | F39: =IFERROR(F37/F38, "") -> 0.88616462 | G39: =IFERROR(G37/G38, "") -> 0.97022767 | H39: =IFERROR(H37/H38, "") -> 0.98073555 | I39: =IFERROR(I37/I38, "") -> 0.87600644 | ... AR39: =IFERROR(AR37/AR38, "")
A40: 資料：alic「ベジ探」、（原資料）農林水産省「青果物卸売市場調査（日別調査）結果」
A41: 1．「さといも」の卸売数量と価格の推移 | K41: =TEXT(集計表!$C$1,"(e.m/d～)") -> (8.6/1～)
A42: （名古屋市中央卸売市場）
A75: =集計表!C7 -> 46174 | B75: =集計表!D7 -> 6/1 | C75: =集計表!E7 -> 2 | D75: =集計表!F7 -> 4 | E75: =集計表!G7 -> 5 | F75: =集計表!H7 -> 6 | G75: =集計表!I7 -> 8 | H75: =集計表!J7 -> 9 | ... AR75: =集計表!AT7 -> 31
A76: 入荷量 | B76: =IF(集計表!D9="","",集計表!D9) -> 1.946 | C76: =IF(集計表!E9="","",集計表!E9) -> 2.584 | D76: =IF(集計表!F9="","",集計表!F9) -> 1.872 | E76: =IF(集計表!G9="","",集計表!G9) -> 0.923 | F76: =IF(集計表!H9="","",集計表!H9) -> 1.615 | G76: =IF(集計表!I9="","",集計表!I9) -> 3.969 | H76: =IF(集計表!J9="","",集計表!J9) -> 2.833 | I76: =IF(集計表!K9="","",集計表!K9) -> 1.944 | ... AR76: =IF(集計表!AT9="","",集計表!AT9)
A77: 卸売価格 | B77: =IF(集計表!D10=0,NA(),集計表!D10) -> 599 | C77: =IF(集計表!E10=0,NA(),集計表!E10) -> 546 | D77: =IF(集計表!F10=0,NA(),集計表!F10) -> 450 | E77: =IF(集計表!G10=0,NA(),集計表!G10) -> 490 | F77: =IF(集計表!H10=0,NA(),集計表!H10) -> 610 | G77: =IF(集計表!I10=0,NA(),集計表!I10) -> 600 | H77: =IF(集計表!J10=0,NA(),集計表!J10) -> 432 | I77: =IF(集計表!K10=0,NA(),集計表!K10) -> 586 | ... AR77: =IF(集計表!AT10=0,NA(),集計表!AT10) -> #N/A
A78: 平均価格 | B78: =集計表!D11 -> 545 | C78: =集計表!E11 -> 545 | D78: =集計表!F11 -> 545 | E78: =集計表!G11 -> 545 | F78: =集計表!H11 -> 545 | G78: =集計表!I11 -> 545 | H78: =集計表!J11 -> 545 | I78: =集計表!K11 -> 539 | ... AR78: =集計表!AT11 -> 383
A79: 平年比 | B79: =IFERROR(B77/B78, "") -> 1.0990826 | C79: =IFERROR(C77/C78, "") -> 1.0018349 | D79: =IFERROR(D77/D78, "") -> 0.82568807 | E79: =IFERROR(E77/E78, "") -> 0.89908257 | F79: =IFERROR(F77/F78, "") -> 1.1192661 | G79: =IFERROR(G77/G78, "") -> 1.1009174 | H79: =IFERROR(H77/H78, "") -> 0.79266055 | I79: =IFERROR(I77/I78, "") -> 1.0871985 | ... AR79: =IFERROR(AR77/AR78, "")
A80: 資料：alic「ベジ探」、（原資料）農林水産省「青果物卸売市場調査（日別調査）結果」
A81: 1．「さといも」の卸売数量と価格の推移 | K81: =TEXT(集計表!$C$1,"(e.m/d～)") -> (8.6/1～)
A82: （大阪市中央卸売市場）
A115: =集計表!C13 -> 46174 | B115: =集計表!D13 -> 6/1 | C115: =集計表!E13 -> 2 | D115: =集計表!F13 -> 4 | E115: =集計表!G13 -> 5 | F115: =集計表!H13 -> 6 | G115: =集計表!I13 -> 8 | H115: =集計表!J13 -> 9 | ... AR115: =集計表!AT13 -> 31
A116: 入荷量 | B116: =IF(集計表!D15="","",集計表!D15) -> 0.922 | C116: =IF(集計表!E15="","",集計表!E15) -> 1.519 | D116: =IF(集計表!F15="","",集計表!F15) -> 0.46 | E116: =IF(集計表!G15="","",集計表!G15) -> 0.808 | F116: =IF(集計表!H15="","",集計表!H15) -> 0.34 | G116: =IF(集計表!I15="","",集計表!I15) -> 1.205 | H116: =IF(集計表!J15="","",集計表!J15) -> 1.436 | I116: =IF(集計表!K15="","",集計表!K15) -> 0.868 | ... AR116: =IF(集計表!AT15="","",集計表!AT15)
A117: 卸売価格 | B117: =IF(集計表!D16=0,NA(),集計表!D16) -> 532 | C117: =IF(集計表!E16=0,NA(),集計表!E16) -> 726 | D117: =IF(集計表!F16=0,NA(),集計表!F16) -> 605 | E117: =IF(集計表!G16=0,NA(),集計表!G16) -> 438 | F117: =IF(集計表!H16=0,NA(),集計表!H16) -> 468 | G117: =IF(集計表!I16=0,NA(),集計表!I16) -> 632 | H117: =IF(集計表!J16=0,NA(),集計表!J16) -> 596 | I117: =IF(集計表!K16=0,NA(),集計表!K16) -> 639 | ... AR117: =IF(集計表!AT16=0,NA(),集計表!AT16) -> #N/A
A118: 平均価格 | B118: =集計表!D17 -> 684 | C118: =集計表!E17 -> 684 | D118: =集計表!F17 -> 684 | E118: =集計表!G17 -> 684 | F118: =集計表!H17 -> 684 | G118: =集計表!I17 -> 684 | H118: =集計表!J17 -> 684 | I118: =集計表!K17 -> 644 | ... AR118: =集計表!AT17 -> 416
A119: 平年比 | B119: =IFERROR(B117/B118, "") -> 0.77777778 | C119: =IFERROR(C117/C118, "") -> 1.0614035 | D119: =IFERROR(D117/D118, "") -> 0.88450292 | E119: =IFERROR(E117/E118, "") -> 0.64035088 | F119: =IFERROR(F117/F118, "") -> 0.68421053 | G119: =IFERROR(G117/G118, "") -> 0.92397661 | H119: =IFERROR(H117/H118, "") -> 0.87134503 | I119: =IFERROR(I117/I118, "") -> 0.99223602 | ... AR119: =IFERROR(AR117/AR118, "")
A120: 資料：alic「ベジ探」、（原資料）農林水産省「青果物卸売市場調査（日別調査）結果」
A121: 1．「さといも」の卸売数量と価格の推移 | K121: =TEXT(集計表!$C$1,"(e.m/d～)") -> (8.6/1～)
A122: （福岡市中央卸売市場）
A155: =集計表!C19 -> 46174 | B155: =集計表!D19 -> 6/1 | C155: =集計表!E19 -> 2 | D155: =集計表!F19 -> 4 | E155: =集計表!G19 -> 5 | F155: =集計表!H19 -> 6 | G155: =集計表!I19 -> 8 | H155: =集計表!J19 -> 9 | ... AR155: =集計表!AT19 -> 31
A156: 入荷量 | B156: =IF(集計表!D21="","",集計表!D21) -> 0.637 | C156: =IF(集計表!E21="","",集計表!E21) -> 0.47 | D156: =IF(集計表!F21="","",集計表!F21) -> 0.636 | E156: =IF(集計表!G21="","",集計表!G21) -> 0.214 | F156: =IF(集計表!H21="","",集計表!H21) -> 0.518 | G156: =IF(集計表!I21="","",集計表!I21) -> 0.742 | H156: =IF(集計表!J21="","",集計表!J21) -> 0.43 | I156: =IF(集計表!K21="","",集計表!K21) -> 0.439 | ... AR156: =IF(集計表!AT21="","",集計表!AT21)
A157: 卸売価格 | B157: =IF(集計表!D22=0,NA(),集計表!D22) -> 465 | C157: =IF(集計表!E22=0,NA(),集計表!E22) -> 499 | D157: =IF(集計表!F22=0,NA(),集計表!F22) -> 544 | E157: =IF(集計表!G22=0,NA(),集計表!G22) -> 684 | F157: =IF(集計表!H22=0,NA(),集計表!H22) -> 460 | G157: =IF(集計表!I22=0,NA(),集計表!I22) -> 611 | H157: =IF(集計表!J22=0,NA(),集計表!J22) -> 621 | I157: =IF(集計表!K22=0,NA(),集計表!K22) -> 477 | ... AR157: =IF(集計表!AT22=0,NA(),集計表!AT22) -> #N/A
A158: 平均価格 | B158: =集計表!D23 -> 524 | C158: =集計表!E23 -> 524 | D158: =集計表!F23 -> 524 | E158: =集計表!G23 -> 524 | F158: =集計表!H23 -> 524 | G158: =集計表!I23 -> 524 | H158: =集計表!J23 -> 524 | I158: =集計表!K23 -> 476 | ... AR158: =集計表!AT23 -> 333
A159: 平年比 | B159: =IFERROR(B157/B158, "") -> 0.88740458 | C159: =IFERROR(C157/C158, "") -> 0.95229008 | D159: =IFERROR(D157/D158, "") -> 1.0381679 | E159: =IFERROR(E157/E158, "") -> 1.3053435 | F159: =IFERROR(F157/F158, "") -> 0.8778626 | G159: =IFERROR(G157/G158, "") -> 1.1660305 | H159: =IFERROR(H157/H158, "") -> 1.1851145 | I159: =IFERROR(I157/I158, "") -> 1.0021008 | ... AR159: =IFERROR(AR157/AR158, "")
A160: 資料：alic「ベジ探」、（原資料）農林水産省「青果物卸売市場調査（日別調査）結果」

Sheet ばれいしょ
A1: ２．「ばれいしょ」の卸売数量と価格の推移 | L1: =TEXT(集計表!$C$1,"(e.m/d～)") -> (8.6/1～)
A2: （東京都中央卸売市場）
A35: =集計表!C27 -> 46174 | B35: =集計表!D27 -> 6/1 | C35: =集計表!E27 -> 2 | D35: =集計表!F27 -> 4 | E35: =集計表!G27 -> 5 | F35: =集計表!H27 -> 6 | G35: =集計表!I27 -> 8 | H35: =集計表!J27 -> 9 | ... AR35: =集計表!AT27 -> 31
A36: 入荷量 | B36: =IF(集計表!D29="","",集計表!D29) -> 491.775 | C36: =IF(集計表!E29="","",集計表!E29) -> 270.517 | D36: =IF(集計表!F29="","",集計表!F29) -> 456.22 | E36: =IF(集計表!G29="","",集計表!G29) -> 220.46 | F36: =IF(集計表!H29="","",集計表!H29) -> 321.816 | G36: =IF(集計表!I29="","",集計表!I29) -> 299.999 | H36: =IF(集計表!J29="","",集計表!J29) -> 254.628 | I36: =IF(集計表!K29="","",集計表!K29) -> 322.134 | ... AR36: =IF(集計表!AT29="","",集計表!AT29)
A37: 卸売価格 | B37: =IF(集計表!D30=0,NA(),集計表!D30) -> 145 | C37: =IF(集計表!E30=0,NA(),集計表!E30) -> 143 | D37: =IF(集計表!F30=0,NA(),集計表!F30) -> 145 | E37: =IF(集計表!G30=0,NA(),集計表!G30) -> 151 | F37: =IF(集計表!H30=0,NA(),集計表!H30) -> 146 | G37: =IF(集計表!I30=0,NA(),集計表!I30) -> 154 | H37: =IF(集計表!J30=0,NA(),集計表!J30) -> 163 | I37: =IF(集計表!K30=0,NA(),集計表!K30) -> 170 | ... AR37: =IF(集計表!AT30=0,NA(),集計表!AT30) -> #N/A
A38: 平均価格 | B38: =集計表!D31 -> 201 | C38: =集計表!E31 -> 201 | D38: =集計表!F31 -> 201 | E38: =集計表!G31 -> 201 | F38: =集計表!H31 -> 201 | G38: =集計表!I31 -> 201 | H38: =集計表!J31 -> 201 | I38: =集計表!K31 -> 182 | ... AR38: =集計表!AT31 -> 157
A39: 平年比 | B39: =IFERROR(B37/B38, "") -> 0.72139303 | C39: =IFERROR(C37/C38, "") -> 0.71144279 | D39: =IFERROR(D37/D38, "") -> 0.72139303 | E39: =IFERROR(E37/E38, "") -> 0.75124378 | F39: =IFERROR(F37/F38, "") -> 0.72636816 | G39: =IFERROR(G37/G38, "") -> 0.76616915 | H39: =IFERROR(H37/H38, "") -> 0.81094527 | I39: =IFERROR(I37/I38, "") -> 0.93406593 | ... AR39: =IFERROR(AR37/AR38, "")
A40: 資料：alic「ベジ探」、（原資料）農林水産省「青果物卸売市場調査（日別調査）結果」
A41: ２．「ばれいしょ」の卸売数量と価格の推移 | L41: =TEXT(集計表!$C$1,"(e.m/d～)") -> (8.6/1～)
A42: （名古屋市中央卸売市場）
A75: =集計表!C33 -> 46174 | B75: =集計表!D33 -> 6/1 | C75: =集計表!E33 -> 2 | D75: =集計表!F33 -> 4 | E75: =集計表!G33 -> 5 | F75: =集計表!H33 -> 6 | G75: =集計表!I33 -> 8 | H75: =集計表!J33 -> 9 | ... AR75: =集計表!AT33 -> 31
A76: 入荷量 | B76: =IF(集計表!D35="","",集計表!D35) -> 142.582 | C76: =IF(集計表!E35="","",集計表!E35) -> 123.86 | D76: =IF(集計表!F35="","",集計表!F35) -> 117.439 | E76: =IF(集計表!G35="","",集計表!G35) -> 120.445 | F76: =IF(集計表!H35="","",集計表!H35) -> 118.635 | G76: =IF(集計表!I35="","",集計表!I35) -> 75.269 | H76: =IF(集計表!J35="","",集計表!J35) -> 153.147 | I76: =IF(集計表!K35="","",集計表!K35) -> 116.796 | ... AR76: =IF(集計表!AT35="","",集計表!AT35)
A77: 卸売価格 | B77: =IF(集計表!D36=0,NA(),集計表!D36) -> 145 | C77: =IF(集計表!E36=0,NA(),集計表!E36) -> 154 | D77: =IF(集計表!F36=0,NA(),集計表!F36) -> 156 | E77: =IF(集計表!G36=0,NA(),集計表!G36) -> 153 | F77: =IF(集計表!H36=0,NA(),集計表!H36) -> 170 | G77: =IF(集計表!I36=0,NA(),集計表!I36) -> 168 | H77: =IF(集計表!J36=0,NA(),集計表!J36) -> 164 | I77: =IF(集計表!K36=0,NA(),集計表!K36) -> 155 | ... AR77: =IF(集計表!AT36=0,NA(),集計表!AT36) -> #N/A
A78: 平均価格 | B78: =集計表!D37 -> 201 | C78: =集計表!E37 -> 201 | D78: =集計表!F37 -> 201 | E78: =集計表!G37 -> 201 | F78: =集計表!H37 -> 201 | G78: =集計表!I37 -> 201 | H78: =集計表!J37 -> 201 | I78: =集計表!K37 -> 178 | ... AR78: =集計表!AT37 -> 193
A79: 平年比 | B79: =IFERROR(B77/B78, "") -> 0.72139303 | C79: =IFERROR(C77/C78, "") -> 0.76616915 | D79: =IFERROR(D77/D78, "") -> 0.7761194 | E79: =IFERROR(E77/E78, "") -> 0.76119403 | F79: =IFERROR(F77/F78, "") -> 0.84577114 | G79: =IFERROR(G77/G78, "") -> 0.8358209 | H79: =IFERROR(H77/H78, "") -> 0.8159204 | I79: =IFERROR(I77/I78, "") -> 0.87078652 | ... AR79: =IFERROR(AR77/AR78, "")
A80: 資料：alic「ベジ探」、（原資料）農林水産省「青果物卸売市場調査（日別調査）結果」
A81: ２．「ばれいしょ」の卸売数量と価格の推移 | L81: =TEXT(集計表!$C$1,"(e.m/d～)") -> (8.6/1～)
A82: （大阪市中央卸売市場）
A115: =集計表!C39 -> 46174 | B115: =集計表!D39 -> 6/1 | C115: =集計表!E39 -> 2 | D115: =集計表!F39 -> 4 | E115: =集計表!G39 -> 5 | F115: =集計表!H39 -> 6 | G115: =集計表!I39 -> 8 | H115: =集計表!J39 -> 9 | ... AR115: =集計表!AT39 -> 31
A116: 入荷量 | B116: =IF(集計表!D41="","",集計表!D41) -> 206.75 | C116: =IF(集計表!E41="","",集計表!E41) -> 88.459 | D116: =IF(集計表!F41="","",集計表!F41) -> 152.509 | E116: =IF(集計表!G41="","",集計表!G41) -> 94.29 | F116: =IF(集計表!H41="","",集計表!H41) -> 129.739 | G116: =IF(集計表!I41="","",集計表!I41) -> 133.288 | H116: =IF(集計表!J41="","",集計表!J41) -> 71.22 | I116: =IF(集計表!K41="","",集計表!K41) -> 127.545 | ... AR116: =IF(集計表!AT41="","",集計表!AT41)
A117: 卸売価格 | B117: =IF(集計表!D42=0,NA(),集計表!D42) -> 128 | C117: =IF(集計表!E42=0,NA(),集計表!E42) -> 132 | D117: =IF(集計表!F42=0,NA(),集計表!F42) -> 141 | E117: =IF(集計表!G42=0,NA(),集計表!G42) -> 137 | F117: =IF(集計表!H42=0,NA(),集計表!H42) -> 143 | G117: =IF(集計表!I42=0,NA(),集計表!I42) -> 149 | H117: =IF(集計表!J42=0,NA(),集計表!J42) -> 159 | I117: =IF(集計表!K42=0,NA(),集計表!K42) -> 163 | ... AR117: =IF(集計表!AT42=0,NA(),集計表!AT42) -> #N/A
A118: 平均価格 | B118: =集計表!D43 -> 167 | C118: =集計表!E43 -> 167 | D118: =集計表!F43 -> 167 | E118: =集計表!G43 -> 167 | F118: =集計表!H43 -> 167 | G118: =集計表!I43 -> 167 | H118: =集計表!J43 -> 167 | I118: =集計表!K43 -> 153 | ... AR118: =集計表!AT43 -> 164
A119: 平年比 | B119: =IFERROR(B117/B118, "") -> 0.76646707 | C119: =IFERROR(C117/C118, "") -> 0.79041916 | D119: =IFERROR(D117/D118, "") -> 0.84431138 | E119: =IFERROR(E117/E118, "") -> 0.82035928 | F119: =IFERROR(F117/F118, "") -> 0.85628743 | G119: =IFERROR(G117/G118, "") -> 0.89221557 | H119: =IFERROR(H117/H118, "") -> 0.95209581 | I119: =IFERROR(I117/I118, "") -> 1.0653595 | ... AR119: =IFERROR(AR117/AR118, "")
A120: 資料：alic「ベジ探」、（原資料）農林水産省「青果物卸売市場調査（日別調査）結果」
A121: ２．「ばれいしょ」の卸売数量と価格の推移 | L121: =TEXT(集計表!$C$1,"(e.m/d～)") -> (8.6/1～)
A122: （福岡市中央卸売市場）
A155: =集計表!C45 -> 46174 | B155: =集計表!D45 -> 6/1 | C155: =集計表!E45 -> 2 | D155: =集計表!F45 -> 4 | E155: =集計表!G45 -> 5 | F155: =集計表!H45 -> 6 | G155: =集計表!I45 -> 8 | H155: =集計表!J45 -> 9 | ... AR155: =集計表!AT45 -> 31
A156: 入荷量 | B156: =IF(集計表!D47="","",集計表!D47) -> 177.221 | C156: =IF(集計表!E47="","",集計表!E47) -> 99.01 | D156: =IF(集計表!F47="","",集計表!F47) -> 129.148 | E156: =IF(集計表!G47="","",集計表!G47) -> 107.1 | F156: =IF(集計表!H47="","",集計表!H47) -> 98.798 | G156: =IF(集計表!I47="","",集計表!I47) -> 155.52 | H156: =IF(集計表!J47="","",集計表!J47) -> 79.51 | I156: =IF(集計表!K47="","",集計表!K47) -> 147.53 | ... AR156: =IF(集計表!AT47="","",集計表!AT47)
A157: 卸売価格 | B157: =IF(集計表!D48=0,NA(),集計表!D48) -> 134 | C157: =IF(集計表!E48=0,NA(),集計表!E48) -> 122 | D157: =IF(集計表!F48=0,NA(),集計表!F48) -> 114 | E157: =IF(集計表!G48=0,NA(),集計表!G48) -> 126 | F157: =IF(集計表!H48=0,NA(),集計表!H48) -> 134 | G157: =IF(集計表!I48=0,NA(),集計表!I48) -> 136 | H157: =IF(集計表!J48=0,NA(),集計表!J48) -> 145 | I157: =IF(集計表!K48=0,NA(),集計表!K48) -> 147 | ... AR157: =IF(集計表!AT48=0,NA(),集計表!AT48) -> #N/A
A158: 平均価格 | B158: =集計表!D49 -> 191 | C158: =集計表!E49 -> 191 | D158: =集計表!F49 -> 191 | E158: =集計表!G49 -> 191 | F158: =集計表!H49 -> 191 | G158: =集計表!I49 -> 191 | H158: =集計表!J49 -> 191 | I158: =集計表!K49 -> 175 | ... AR158: =集計表!AT49 -> 174
A159: 平年比 | B159: =IFERROR(B157/B158, "") -> 0.70157068 | C159: =IFERROR(C157/C158, "") -> 0.63874346 | D159: =IFERROR(D157/D158, "") -> 0.59685864 | E159: =IFERROR(E157/E158, "") -> 0.65968586 | F159: =IFERROR(F157/F158, "") -> 0.70157068 | G159: =IFERROR(G157/G158, "") -> 0.71204188 | H159: =IFERROR(H157/H158, "") -> 0.7591623 | I159: =IFERROR(I157/I158, "") -> 0.84 | ... AR159: =IFERROR(AR157/AR158, "")
A160: 資料：alic「ベジ探」、（原資料）農林水産省「青果物卸売市場調査（日別調査）結果」

Sheet 集計表
A1: さといも | B1: 東京都 | C1: 46174 | D1: 6/1 | E1: 2 | F1: 4 | G1: 5 | H1: 6 | I1: 8 | J1: 9 | K1: 11 | L1: 12 | M1: 13 | N1: 15 | O1: 16 | P1: 18 | Q1: 19 | R1: 20 | S1: 22 | T1: 23 | U1: 25 | V1: 26 | W1: 27 | X1: 29 | Y1: 30 | Z1: 7/2 | AA1: 3 | AB1: 4 | AC1: 6 | AD1: 7 | AE1: 9 | AF1: 10 | AG1: 11 | AH1: 13 | AI1: 14 | AJ1: 16 | AK1: 17 | AL1: 18 | AM1: 21 | AN1: 23 | AO1: 24 | AP1: 25 | AQ1: 27 | AR1: 28 | AS1: 30 | AT1: 31
C2: 入荷量 | D2: 4293 | E2: 4251 | F2: 3428 | G2: 2711 | H2: 2587 | I2: 6122 | J2: 3671 | K2: 5595 | L2: 2346 | M2: 3729 | N2: 3868 | O2: 3068 | P2: 2991 | Q2: 2420 | R2: 2419 | S2: 1705 | T2: 2561 | U2: 3667 | V2: 2859 | W2: 3093 | X2: 2573 | Y2: 1592 | Z2: 3758 | AA2: 2749 | AB2: 2690 | AC2: 3852 | AD2: 3165
C3: トン | D3: 4.293 | E3: 4.251 | F3: 3.428 | G3: 2.711 | H3: 2.587 | I3: 6.122 | J3: 3.671 | K3: 5.595 | L3: 2.346 | M3: 3.729 | N3: 3.868 | O3: 3.068 | P3: 2.991 | Q3: 2.42 | R3: 2.419 | S3: 1.705 | T3: 2.561 | U3: 3.667 | V3: 2.859 | W3: 3.093 | X3: 2.573 | Y3: 1.592 | Z3: 3.758 | AA3: 2.749 | AB3: 2.69 | AC3: 3.852 | AD3: 3.165
C4: 卸売価格 | D4: 497 | E4: 534 | F4: 525 | G4: 450 | H4: 506 | I4: 554 | J4: 560 | K4: 544 | L4: 548 | M4: 598 | N4: 611 | O4: 539 | P4: 528 | Q4: 526 | R4: 643 | S4: 636 | T4: 545 | U4: 656 | V4: 667 | W4: 670 | X4: 659 | Y4: 657 | Z4: 698 | AA4: 718 | AB4: 694 | AC4: 673 | AD4: 578
C5: 平均価格 | D5: 571 | E5: 571 | F5: 571 | G5: 571 | H5: 571 | I5: 571 | J5: 571 | K5: 621 | L5: 621 | M5: 621 | N5: 621 | O5: 621 | P5: 621 | Q5: 621 | R5: 621 | S5: 556 | T5: 556 | U5: 556 | V5: 556 | W5: 556 | X5: 556 | Y5: 556 | Z5: 513 | AA5: 513 | AB5: 513 | AC5: 513 | AD5: 513 | AE5: 513 | AF5: 513 | AG5: 420 | AH5: 420 | AI5: 420 | AJ5: 420 | AK5: 420 | AL5: 420 | AM5: 441 | AN5: 441 | AO5: 441 | AP5: 441 | AQ5: 441 | AR5: 441 | AS5: 441 | AT5: 441
A7: さといも | B7: 名古屋市 | C7: =$C$1 -> 46174 | D7: 6/1 | E7: 2 | F7: 4 | G7: 5 | H7: 6 | I7: 8 | J7: 9 | K7: 11 | L7: 12 | M7: 13 | N7: 15 | O7: 16 | P7: 18 | Q7: 19 | R7: 20 | S7: 22 | T7: 23 | U7: 25 | V7: 26 | W7: 27 | X7: 29 | Y7: 30 | Z7: 7/2 | AA7: 3 | AB7: 4 | AC7: 6 | AD7: 7 | AE7: 9 | AF7: 10 | AG7: 11 | AH7: 13 | AI7: 14 | AJ7: 16 | AK7: 17 | AL7: 18 | AM7: 21 | AN7: 23 | AO7: 24 | AP7: 25 | AQ7: 27 | AR7: 28 | AS7: 30 | AT7: 31
C8: 入荷量 | D8: 1946 | E8: 2584 | F8: 1872 | G8: 923 | H8: 1615 | I8: 3969 | J8: 2833 | K8: 1944 | L8: 1309 | M8: 1892 | N8: 2508 | O8: 1227 | P8: 1325 | Q8: 1793 | R8: 2180 | S8: 1775 | T8: 1877 | U8: 2629 | V8: 2907 | W8: 3044 | X8: 1980 | Y8: 1619 | Z8: 3245 | AA8: 2593 | AB8: 2343 | AC8: 2992 | AD8: 3904
C9: トン | D9: 1.946 | E9: 2.584 | F9: 1.872 | G9: 0.923 | H9: 1.615 | I9: 3.969 | J9: 2.833 | K9: 1.944 | L9: 1.309 | M9: 1.892 | N9: 2.508 | O9: 1.227 | P9: 1.325 | Q9: 1.793 | R9: 2.18 | S9: 1.775 | T9: 1.877 | U9: 2.629 | V9: 2.907 | W9: 3.044 | X9: 1.98 | Y9: 1.619 | Z9: 3.245 | AA9: 2.593 | AB9: 2.343 | AC9: 2.992 | AD9: 3.904
C10: 卸売価格 | D10: 599 | E10: 546 | F10: 450 | G10: 490 | H10: 610 | I10: 600 | J10: 432 | K10: 586 | L10: 548 | M10: 622 | N10: 567 | O10: 472 | P10: 481 | Q10: 605 | R10: 550 | S10: 526 | T10: 517 | U10: 514 | V10: 586 | W10: 473 | X10: 635 | Y10: 552 | Z10: 608 | AA10: 553 | AB10: 572 | AC10: 543 | AD10: 445
C11: 平均価格 | D11: 545 | E11: 545 | F11: 545 | G11: 545 | H11: 545 | I11: 545 | J11: 545 | K11: 539 | L11: 539 | M11: 539 | N11: 539 | O11: 539 | P11: 539 | Q11: 539 | R11: 539 | S11: 481 | T11: 481 | U11: 481 | V11: 481 | W11: 481 | X11: 481 | Y11: 481 | Z11: 430 | AA11: 430 | AB11: 430 | AC11: 430 | AD11: 430 | AE11: 430 | AF11: 430 | AG11: 378 | AH11: 378 | AI11: 378 | AJ11: 378 | AK11: 378 | AL11: 378 | AM11: 383 | AN11: 383 | AO11: 383 | AP11: 383 | AQ11: 383 | AR11: 383 | AS11: 383 | AT11: 383
A13: さといも | B13: 大阪市 | C13: =$C$1 -> 46174 | D13: 6/1 | E13: 2 | F13: 4 | G13: 5 | H13: 6 | I13: 8 | J13: 9 | K13: 11 | L13: 12 | M13: 13 | N13: 15 | O13: 16 | P13: 18 | Q13: 19 | R13: 20 | S13: 22 | T13: 23 | U13: 25 | V13: 26 | W13: 27 | X13: 29 | Y13: 30 | Z13: 7/2 | AA13: 3 | AB13: 4 | AC13: 6 | AD13: 7 | AE13: 9 | AF13: 10 | AG13: 11 | AH13: 13 | AI13: 14 | AJ13: 16 | AK13: 17 | AL13: 18 | AM13: 21 | AN13: 23 | AO13: 24 | AP13: 25 | AQ13: 27 | AR13: 28 | AS13: 30 | AT13: 31
C14: 入荷量 | D14: 922 | E14: 1519 | F14: 460 | G14: 808 | H14: 340 | I14: 1205 | J14: 1436 | K14: 868 | L14: 512 | M14: 1000 | N14: 1125 | O14: 1031 | P14: 685 | Q14: 984 | R14: 535 | S14: 845 | T14: 1373 | U14: 1205 | V14: 891 | W14: 560 | X14: 1182 | Y14: 847 | Z14: 1716 | AA14: 1059 | AB14: 1372 | AC14: 1187 | AD14: 1197
C15: トン | D15: 0.922 | E15: 1.519 | F15: 0.46 | G15: 0.808 | H15: 0.34 | I15: 1.205 | J15: 1.436 | K15: 0.868 | L15: 0.512 | M15: 1 | N15: 1.125 | O15: 1.031 | P15: 0.685 | Q15: 0.984 | R15: 0.535 | S15: 0.845 | T15: 1.373 | U15: 1.205 | V15: 0.891 | W15: 0.56 | X15: 1.182 | Y15: 0.847 | Z15: 1.716 | AA15: 1.059 | AB15: 1.372 | AC15: 1.187 | AD15: 1.197
C16: 卸売価格 | D16: 532 | E16: 726 | F16: 605 | G16: 438 | H16: 468 | I16: 632 | J16: 596 | K16: 639 | L16: 437 | M16: 506 | N16: 597 | O16: 624 | P16: 572 | Q16: 618 | R16: 437 | S16: 735 | T16: 589 | U16: 597 | V16: 705 | W16: 535 | X16: 698 | Y16: 393 | Z16: 693 | AA16: 610 | AB16: 535 | AC16: 635 | AD16: 536
C17: 平均価格 | D17: 684 | E17: 684 | F17: 684 | G17: 684 | H17: 684 | I17: 684 | J17: 684 | K17: 644 | L17: 644 | M17: 644 | N17: 644 | O17: 644 | P17: 644 | Q17: 644 | R17: 644 | S17: 550 | T17: 550 | U17: 550 | V17: 550 | W17: 550 | X17: 550 | Y17: 550 | Z17: 504 | AA17: 504 | AB17: 504 | AC17: 504 | AD17: 504 | AE17: 504 | AF17: 504 | AG17: 446 | AH17: 446 | AI17: 446 | AJ17: 446 | AK17: 446 | AL17: 446 | AM17: 416 | AN17: 416 | AO17: 416 | AP17: 416 | AQ17: 416 | AR17: 416 | AS17: 416 | AT17: 416
A19: さといも | B19: 福岡市 | C19: =$C$1 -> 46174 | D19: 6/1 | E19: 2 | F19: 4 | G19: 5 | H19: 6 | I19: 8 | J19: 9 | K19: 11 | L19: 12 | M19: 13 | N19: 15 | O19: 16 | P19: 18 | Q19: 19 | R19: 20 | S19: 22 | T19: 23 | U19: 25 | V19: 26 | W19: 27 | X19: 29 | Y19: 30 | Z19: 7/2 | AA19: 3 | AB19: 4 | AC19: 6 | AD19: 7 | AE19: 9 | AF19: 10 | AG19: 11 | AH19: 13 | AI19: 14 | AJ19: 16 | AK19: 17 | AL19: 18 | AM19: 21 | AN19: 23 | AO19: 24 | AP19: 25 | AQ19: 27 | AR19: 28 | AS19: 30 | AT19: 31
C20: 入荷量 | D20: 637 | E20: 470 | F20: 636 | G20: 214 | H20: 518 | I20: 742 | J20: 430 | K20: 439 | L20: 864 | M20: 418 | N20: 530 | O20: 304 | P20: 627 | Q20: 651 | R20: 301 | S20: 417 | T20: 329 | U20: 476 | V20: 449 | W20: 391 | X20: 484 | Y20: 307 | Z20: 689 | AA20: 718 | AB20: 597 | AC20: 606 | AD20: 690
C21: トン | D21: 0.637 | E21: 0.47 | F21: 0.636 | G21: 0.214 | H21: 0.518 | I21: 0.742 | J21: 0.43 | K21: 0.439 | L21: 0.864 | M21: 0.418 | N21: 0.53 | O21: 0.304 | P21: 0.627 | Q21: 0.651 | R21: 0.301 | S21: 0.417 | T21: 0.329 | U21: 0.476 | V21: 0.449 | W21: 0.391 | X21: 0.484 | Y21: 0.307 | Z21: 0.689 | AA21: 0.718 | AB21: 0.597 | AC21: 0.606 | AD21: 0.69
C22: 卸売価格 | D22: 465 | E22: 499 | F22: 544 | G22: 684 | H22: 460 | I22: 611 | J22: 621 | K22: 477 | L22: 584 | M22: 468 | N22: 455 | O22: 451 | P22: 426 | Q22: 524 | R22: 488 | S22: 488 | T22: 604 | U22: 488 | V22: 714 | W22: 630 | X22: 543 | Y22: 724 | Z22: 474 | AA22: 617 | AB22: 508 | AC22: 480 | AD22: 502
C23: 平均価格 | D23: 524 | E23: 524 | F23: 524 | G23: 524 | H23: 524 | I23: 524 | J23: 524 | K23: 476 | L23: 476 | M23: 476 | N23: 476 | O23: 476 | P23: 476 | Q23: 476 | R23: 476 | S23: 410 | T23: 410 | U23: 410 | V23: 410 | W23: 410 | X23: 410 | Y23: 410 | Z23: 358 | AA23: 358 | AB23: 358 | AC23: 358 | AD23: 358 | AE23: 358 | AF23: 358 | AG23: 333 | AH23: 333 | AI23: 333 | AJ23: 333 | AK23: 333 | AL23: 333 | AM23: 333 | AN23: 333 | AO23: 333 | AP23: 333 | AQ23: 333 | AR23: 333 | AS23: 333 | AT23: 333
A27: ばれいしょ | B27: 東京都 | C27: =$C$1 -> 46174 | D27: 6/1 | E27: 2 | F27: 4 | G27: 5 | H27: 6 | I27: 8 | J27: 9 | K27: 11 | L27: 12 | M27: 13 | N27: 15 | O27: 16 | P27: 18 | Q27: 19 | R27: 20 | S27: 22 | T27: 23 | U27: 25 | V27: 26 | W27: 27 | X27: 29 | Y27: 30 | Z27: 7/2 | AA27: 3 | AB27: 4 | AC27: 6 | AD27: 7 | AE27: 9 | AF27: 10 | AG27: 11 | AH27: 13 | AI27: 14 | AJ27: 16 | AK27: 17 | AL27: 18 | AM27: 21 | AN27: 23 | AO27: 24 | AP27: 25 | AQ27: 27 | AR27: 28 | AS27: 30 | AT27: 31
C28: 入荷量 | D28: 491775 | E28: 270517 | F28: 456220 | G28: 220460 | H28: 321816 | I28: 299999 | J28: 254628 | K28: 322134 | L28: 251441 | M28: 237117 | N28: 278341 | O28: 173358 | P28: 250917 | Q28: 207600 | R28: 301502 | S28: 237496 | T28: 170737 | U28: 225880 | V28: 148955 | W28: 197968 | X28: 149486 | Y28: 154533 | Z28: 171199 | AA28: 122874 | AB28: 111675 | AC28: 151528 | AD28: 97048
C29: トン | D29: 491.775 | E29: 270.517 | F29: 456.22 | G29: 220.46 | H29: 321.816 | I29: 299.999 | J29: 254.628 | K29: 322.134 | L29: 251.441 | M29: 237.117 | N29: 278.341 | O29: 173.358 | P29: 250.917 | Q29: 207.6 | R29: 301.502 | S29: 237.496 | T29: 170.737 | U29: 225.88 | V29: 148.955 | W29: 197.968 | X29: 149.486 | Y29: 154.533 | Z29: 171.199 | AA29: 122.874 | AB29: 111.675 | AC29: 151.528 | AD29: 97.048
C30: 卸売価格 | D30: 145 | E30: 143 | F30: 145 | G30: 151 | H30: 146 | I30: 154 | J30: 163 | K30: 170 | L30: 175 | M30: 191 | N30: 178 | O30: 192 | P30: 201 | Q30: 191 | R30: 200 | S30: 204 | T30: 190 | U30: 203 | V30: 235 | W30: 233 | X30: 212 | Y30: 217 | Z30: 219 | AA30: 234 | AB30: 229 | AC30: 244 | AD30: 237
C31: 平均価格 | D31: 201 | E31: 201 | F31: 201 | G31: 201 | H31: 201 | I31: 201 | J31: 201 | K31: 182 | L31: 182 | M31: 182 | N31: 182 | O31: 182 | P31: 182 | Q31: 182 | R31: 182 | S31: 160 | T31: 160 | U31: 160 | V31: 160 | W31: 160 | X31: 160 | Y31: 160 | Z31: 156 | AA31: 156 | AB31: 156 | AC31: 156 | AD31: 156 | AE31: 156 | AF31: 156 | AG31: 157 | AH31: 157 | AI31: 157 | AJ31: 157 | AK31: 157 | AL31: 157 | AM31: 157 | AN31: 157 | AO31: 157 | AP31: 157 | AQ31: 157 | AR31: 157 | AS31: 157 | AT31: 157
A33: ばれいしょ | B33: 名古屋市 | C33: =$C$1 -> 46174 | D33: 6/1 | E33: 2 | F33: 4 | G33: 5 | H33: 6 | I33: 8 | J33: 9 | K33: 11 | L33: 12 | M33: 13 | N33: 15 | O33: 16 | P33: 18 | Q33: 19 | R33: 20 | S33: 22 | T33: 23 | U33: 25 | V33: 26 | W33: 27 | X33: 29 | Y33: 30 | Z33: 7/2 | AA33: 3 | AB33: 4 | AC33: 6 | AD33: 7 | AE33: 9 | AF33: 10 | AG33: 11 | AH33: 13 | AI33: 14 | AJ33: 16 | AK33: 17 | AL33: 18 | AM33: 21 | AN33: 23 | AO33: 24 | AP33: 25 | AQ33: 27 | AR33: 28 | AS33: 30 | AT33: 31
C34: 入荷量 | D34: 142582 | E34: 123860 | F34: 117439 | G34: 120445 | H34: 118635 | I34: 75269 | J34: 153147 | K34: 116796 | L34: 57560 | M34: 104698 | N34: 122138 | O34: 93710 | P34: 94633 | Q34: 78297 | R34: 71607 | S34: 68566 | T34: 58582 | U34: 85366 | V34: 76415 | W34: 46720 | X34: 47287 | Y34: 55399 | Z34: 67367 | AA34: 33840 | AB34: 65493 | AC34: 64337 | AD34: 32938
C35: トン | D35: 142.582 | E35: 123.86 | F35: 117.439 | G35: 120.445 | H35: 118.635 | I35: 75.269 | J35: 153.147 | K35: 116.796 | L35: 57.56 | M35: 104.698 | N35: 122.138 | O35: 93.71 | P35: 94.633 | Q35: 78.297 | R35: 71.607 | S35: 68.566 | T35: 58.582 | U35: 85.366 | V35: 76.415 | W35: 46.72 | X35: 47.287 | Y35: 55.399 | Z35: 67.367 | AA35: 33.84 | AB35: 65.493 | AC35: 64.337 | AD35: 32.938
C36: 卸売価格 | D36: 145 | E36: 154 | F36: 156 | G36: 153 | H36: 170 | I36: 168 | J36: 164 | K36: 155 | L36: 168 | M36: 175 | N36: 205 | O36: 198 | P36: 206 | Q36: 200 | R36: 212 | S36: 207 | T36: 230 | U36: 232 | V36: 230 | W36: 239 | X36: 249 | Y36: 260 | Z36: 248 | AA36: 254 | AB36: 256 | AC36: 274 | AD36: 291
C37: 平均価格 | D37: 201 | E37: 201 | F37: 201 | G37: 201 | H37: 201 | I37: 201 | J37: 201 | K37: 178 | L37: 178 | M37: 178 | N37: 178 | O37: 178 | P37: 178 | Q37: 178 | R37: 178 | S37: 151 | T37: 151 | U37: 151 | V37: 151 | W37: 151 | X37: 151 | Y37: 151 | Z37: 160 | AA37: 160 | AB37: 160 | AC37: 160 | AD37: 160 | AE37: 160 | AF37: 160 | AG37: 176 | AH37: 176 | AI37: 176 | AJ37: 176 | AK37: 176 | AL37: 176 | AM37: 193 | AN37: 193 | AO37: 193 | AP37: 193 | AQ37: 193 | AR37: 193 | AS37: 193 | AT37: 193
A39: ばれいしょ | B39: 大阪市 | C39: =$C$1 -> 46174 | D39: 6/1 | E39: 2 | F39: 4 | G39: 5 | H39: 6 | I39: 8 | J39: 9 | K39: 11 | L39: 12 | M39: 13 | N39: 15 | O39: 16 | P39: 18 | Q39: 19 | R39: 20 | S39: 22 | T39: 23 | U39: 25 | V39: 26 | W39: 27 | X39: 29 | Y39: 30 | Z39: 7/2 | AA39: 3 | AB39: 4 | AC39: 6 | AD39: 7 | AE39: 9 | AF39: 10 | AG39: 11 | AH39: 13 | AI39: 14 | AJ39: 16 | AK39: 17 | AL39: 18 | AM39: 21 | AN39: 23 | AO39: 24 | AP39: 25 | AQ39: 27 | AR39: 28 | AS39: 30 | AT39: 31
C40: 入荷量 | D40: 206750 | E40: 88459 | F40: 152509 | G40: 94290 | H40: 129739 | I40: 133288 | J40: 71220 | K40: 127545 | L40: 92110 | M40: 89200 | N40: 112400 | O40: 106690 | P40: 155978 | Q40: 99750 | R40: 89000 | S40: 96150 | T40: 65340 | U40: 68735 | V40: 61380 | W40: 57660 | X40: 91705 | Y40: 40830 | Z40: 64905 | AA40: 21970 | AB40: 44950 | AC40: 75215 | AD40: 39130
C41: トン | D41: 206.75 | E41: 88.459 | F41: 152.509 | G41: 94.29 | H41: 129.739 | I41: 133.288 | J41: 71.22 | K41: 127.545 | L41: 92.11 | M41: 89.2 | N41: 112.4 | O41: 106.69 | P41: 155.978 | Q41: 99.75 | R41: 89 | S41: 96.15 | T41: 65.34 | U41: 68.735 | V41: 61.38 | W41: 57.66 | X41: 91.705 | Y41: 40.83 | Z41: 64.905 | AA41: 21.97 | AB41: 44.95 | AC41: 75.215 | AD41: 39.13
C42: 卸売価格 | D42: 128 | E42: 132 | F42: 141 | G42: 137 | H42: 143 | I42: 149 | J42: 159 | K42: 163 | L42: 170 | M42: 181 | N42: 202 | O42: 215 | P42: 207 | Q42: 205 | R42: 213 | S42: 203 | T42: 220 | U42: 213 | V42: 204 | W42: 220 | X42: 222 | Y42: 241 | Z42: 232 | AA42: 266 | AB42: 248 | AC42: 283 | AD42: 331
C43: 平均価格 | D43: 167 | E43: 167 | F43: 167 | G43: 167 | H43: 167 | I43: 167 | J43: 167 | K43: 153 | L43: 153 | M43: 153 | N43: 153 | O43: 153 | P43: 153 | Q43: 153 | R43: 153 | S43: 141 | T43: 141 | U43: 141 | V43: 141 | W43: 141 | X43: 141 | Y43: 141 | Z43: 134 | AA43: 134 | AB43: 134 | AC43: 134 | AD43: 134 | AE43: 134 | AF43: 134 | AG43: 157 | AH43: 157 | AI43: 157 | AJ43: 157 | AK43: 157 | AL43: 157 | AM43: 164 | AN43: 164 | AO43: 164 | AP43: 164 | AQ43: 164 | AR43: 164 | AS43: 164 | AT43: 164
A45: ばれいしょ | B45: 福岡市 | C45: =$C$1 -> 46174 | D45: 6/1 | E45: 2 | F45: 4 | G45: 5 | H45: 6 | I45: 8 | J45: 9 | K45: 11 | L45: 12 | M45: 13 | N45: 15 | O45: 16 | P45: 18 | Q45: 19 | R45: 20 | S45: 22 | T45: 23 | U45: 25 | V45: 26 | W45: 27 | X45: 29 | Y45: 30 | Z45: 7/2 | AA45: 3 | AB45: 4 | AC45: 6 | AD45: 7 | AE45: 9 | AF45: 10 | AG45: 11 | AH45: 13 | AI45: 14 | AJ45: 16 | AK45: 17 | AL45: 18 | AM45: 21 | AN45: 23 | AO45: 24 | AP45: 25 | AQ45: 27 | AR45: 28 | AS45: 30 | AT45: 31
C46: 入荷量 | D46: 177221 | E46: 99010 | F46: 129148 | G46: 107100 | H46: 98798 | I46: 155520 | J46: 79510 | K46: 147530 | L46: 121413 | M46: 85799 | N46: 78568 | O46: 74254 | P46: 103115 | Q46: 125641 | R46: 71530 | S46: 70426 | T46: 57099 | U46: 65359 | V46: 56774 | W46: 78565 | X46: 19720 | Y46: 56531 | Z46: 140850 | AA46: 57502 | AB46: 47777 | AC46: 12340 | AD46: 32300
C47: トン | D47: 177.221 | E47: 99.01 | F47: 129.148 | G47: 107.1 | H47: 98.798 | I47: 155.52 | J47: 79.51 | K47: 147.53 | L47: 121.413 | M47: 85.799 | N47: 78.568 | O47: 74.254 | P47: 103.115 | Q47: 125.641 | R47: 71.53 | S47: 70.426 | T47: 57.099 | U47: 65.359 | V47: 56.774 | W47: 78.565 | X47: 19.72 | Y47: 56.531 | Z47: 140.85 | AA47: 57.502 | AB47: 47.777 | AC47: 12.34 | AD47: 32.3
C48: 卸売価格 | D48: 134 | E48: 122 | F48: 114 | G48: 126 | H48: 134 | I48: 136 | J48: 145 | K48: 147 | L48: 122 | M48: 171 | N48: 184 | O48: 192 | P48: 189 | Q48: 161 | R48: 206 | S48: 180 | T48: 208 | U48: 195 | V48: 225 | W48: 199 | X48: 254 | Y48: 178 | Z48: 170 | AA48: 237 | AB48: 252 | AC48: 288 | AD48: 252
C49: 平均価格 | D49: 191 | E49: 191 | F49: 191 | G49: 191 | H49: 191 | I49: 191 | J49: 191 | K49: 175 | L49: 175 | M49: 175 | N49: 175 | O49: 175 | P49: 175 | Q49: 175 | R49: 175 | S49: 166 | T49: 166 | U49: 166 | V49: 166 | W49: 166 | X49: 166 | Y49: 166 | Z49: 152 | AA49: 152 | AB49: 152 | AC49: 152 | AD49: 152 | AE49: 152 | AF49: 152 | AG49: 157 | AH49: 157 | AI49: 157 | AJ49: 157 | AK49: 157 | AL49: 157 | AM49: 174 | AN49: 174 | AO49: 174 | AP49: 174 | AQ49: 174 | AR49: 174 | AS49: 174 | AT49: 174
