Workbook

Sheet だいこん
A1: 1．「だいこん」の卸売数量と価格の推移 | L1: =TEXT(集計表!$C$1,"(e.m/d～)") -> (8.6/1～)
A2: （東京都中央卸売市場）
AI20: 260
A35: =集計表!C1 -> 46174 | B35: =集計表!D1 -> 6/1 | C35: =集計表!E1 -> 2 | D35: =集計表!F1 -> 4 | E35: =集計表!G1 -> 5 | F35: =集計表!H1 -> 6 | G35: =集計表!I1 -> 8 | H35: =集計表!J1 -> 9 | ... AR35: =集計表!AT1 -> 31
A36: 入荷量 | B36: =IF(集計表!D3="","",集計表!D3) -> 352.068 | C36: =IF(集計表!E3="","",集計表!E3) -> 427.073 | D36: =IF(集計表!F3="","",集計表!F3) -> 229.601 | E36: =IF(集計表!G3="","",集計表!G3) -> 220.352 | F36: =IF(集計表!H3="","",集計表!H3) -> 318.72 | G36: =IF(集計表!I3="","",集計表!I3) -> 338 | H36: =IF(集計表!J3="","",集計表!J3) -> 318.537 | I36: =IF(集計表!K3="","",集計表!K3) -> 245.784 | ... AR36: =IF(集計表!AT3="","",集計表!AT3)
A37: 卸売価格 | B37: =IF(集計表!D4=0,NA(),集計表!D4) -> 81 | C37: =IF(集計表!E4=0,NA(),集計表!E4) -> 75 | D37: =IF(集計表!F4=0,NA(),集計表!F4) -> 93 | E37: =IF(集計表!G4=0,NA(),集計表!G4) -> 93 | F37: =IF(集計表!H4=0,NA(),集計表!H4) -> 93 | G37: =IF(集計表!I4=0,NA(),集計表!I4) -> 90 | H37: =IF(集計表!J4=0,NA(),集計表!J4) -> 100 | I37: =IF(集計表!K4=0,NA(),集計表!K4) -> 112 | ... AR37: =IF(集計表!AT4=0,NA(),集計表!AT4) -> #N/A
A38: 平均価格 | B38: =集計表!D5 -> 104 | C38: =集計表!E5 -> 104 | D38: =集計表!F5 -> 104 | E38: =集計表!G5 -> 104 | F38: =集計表!H5 -> 104 | G38: =集計表!I5 -> 104 | H38: =集計表!J5 -> 104 | I38: =集計表!K5 -> 104 | ... AR38: =集計表!AT5 -> 102
A39: 平年比 | B39: =IFERROR(B37/B38, "") -> 0.77884615 | C39: =IFERROR(C37/C38, "") -> 0.72115385 | D39: =IFERROR(D37/D38, "") -> 0.89423077 | E39: =IFERROR(E37/E38, "") -> 0.89423077 | F39: =IFERROR(F37/F38, "") -> 0.89423077 | G39: =IFERROR(G37/G38, "") -> 0.86538462 | H39: =IFERROR(H37/H38, "") -> 0.96153846 | I39: =IFERROR(I37/I38, "") -> 1.0769231 | ... AR39: =IFERROR(AR37/AR38, "")
A40: 資料：alic「ベジ探」、（原資料）農林水産省「青果物卸売市場調査（日別調査）結果」
A41: 1．「だいこん」の卸売数量と価格の推移 | L41: =TEXT(集計表!$C$1,"(e.m/d～)") -> (8.6/1～)
A42: （名古屋市中央卸売市場）
A75: =集計表!C7 -> 46174 | B75: =集計表!D7 -> 6/1 | C75: =集計表!E7 -> 2 | D75: =集計表!F7 -> 4 | E75: =集計表!G7 -> 5 | F75: =集計表!H7 -> 6 | G75: =集計表!I7 -> 8 | H75: =集計表!J7 -> 9 | ... AR75: =集計表!AT7 -> 31
A76: 入荷量 | B76: =IF(集計表!D9="","",集計表!D9) -> 76.071 | C76: =IF(集計表!E9="","",集計表!E9) -> 53.303 | D76: =IF(集計表!F9="","",集計表!F9) -> 36.196 | E76: =IF(集計表!G9="","",集計表!G9) -> 55.909 | F76: =IF(集計表!H9="","",集計表!H9) -> 69.414 | G76: =IF(集計表!I9="","",集計表!I9) -> 64.429 | H76: =IF(集計表!J9="","",集計表!J9) -> 48.494 | I76: =IF(集計表!K9="","",集計表!K9) -> 51.405 | ... AR76: =IF(集計表!AT9="","",集計表!AT9)
A77: 卸売価格 | B77: =IF(集計表!D10=0,NA(),集計表!D10) -> 106 | C77: =IF(集計表!E10=0,NA(),集計表!E10) -> 111 | D77: =IF(集計表!F10=0,NA(),集計表!F10) -> 115 | E77: =IF(集計表!G10=0,NA(),集計表!G10) -> 103 | F77: =IF(集計表!H10=0,NA(),集計表!H10) -> 109 | G77: =IF(集計表!I10=0,NA(),集計表!I10) -> 114 | H77: =IF(集計表!J10=0,NA(),集計表!J10) -> 109 | I77: =IF(集計表!K10=0,NA(),集計表!K10) -> 110 | ... AR77: =IF(集計表!AT10=0,NA(),集計表!AT10) -> #N/A
A78: 平均価格 | B78: =集計表!D11 -> 111 | C78: =集計表!E11 -> 111 | D78: =集計表!F11 -> 111 | E78: =集計表!G11 -> 111 | F78: =集計表!H11 -> 111 | G78: =集計表!I11 -> 111 | H78: =集計表!J11 -> 111 | I78: =集計表!K11 -> 116 | ... AR78: =集計表!AT11 -> 109
A79: 平年比 | B79: =IFERROR(B77/B78, "") -> 0.95495495 | C79: =IFERROR(C77/C78, "") -> 1 | D79: =IFERROR(D77/D78, "") -> 1.036036 | E79: =IFERROR(E77/E78, "") -> 0.92792793 | F79: =IFERROR(F77/F78, "") -> 0.98198198 | G79: =IFERROR(G77/G78, "") -> 1.027027 | H79: =IFERROR(H77/H78, "") -> 0.98198198 | I79: =IFERROR(I77/I78, "") -> 0.94827586 | ... AR79: =IFERROR(AR77/AR78, "")
A80: 資料：alic「ベジ探」、（原資料）農林水産省「青果物卸売市場調査（日別調査）結果」
A81: 1．「だいこん」の卸売数量と価格の推移 | L81: =TEXT(集計表!$C$1,"(e.m/d～)") -> (8.6/1～)
A82: （大阪市中央卸売市場）
A115: =集計表!C13 -> 46174 | B115: =集計表!D13 -> 6/1 | C115: =集計表!E13 -> 2 | D115: =集計表!F13 -> 4 | E115: =集計表!G13 -> 5 | F115: =集計表!H13 -> 6 | G115: =集計表!I13 -> 8 | H115: =集計表!J13 -> 9 | ... AR115: =集計表!AT13 -> 31
A116: 入荷量 | B116: =IF(集計表!D15="","",集計表!D15) -> 78.354 | C116: =IF(集計表!E15="","",集計表!E15) -> 86.69 | D116: =IF(集計表!F15="","",集計表!F15) -> 77.043 | E116: =IF(集計表!G15="","",集計表!G15) -> 84.767 | F116: =IF(集計表!H15="","",集計表!H15) -> 87.318 | G116: =IF(集計表!I15="","",集計表!I15) -> 88.883 | H116: =IF(集計表!J15="","",集計表!J15) -> 74.004 | I116: =IF(集計表!K15="","",集計表!K15) -> 92.471 | ... AR116: =IF(集計表!AT15="","",集計表!AT15)
A117: 卸売価格 | B117: =IF(集計表!D16=0,NA(),集計表!D16) -> 119 | C117: =IF(集計表!E16=0,NA(),集計表!E16) -> 115 | D117: =IF(集計表!F16=0,NA(),集計表!F16) -> 107 | E117: =IF(集計表!G16=0,NA(),集計表!G16) -> 108 | F117: =IF(集計表!H16=0,NA(),集計表!H16) -> 112 | G117: =IF(集計表!I16=0,NA(),集計表!I16) -> 111 | H117: =IF(集計表!J16=0,NA(),集計表!J16) -> 116 | I117: =IF(集計表!K16=0,NA(),集計表!K16) -> 120 | ... AR117: =IF(集計表!AT16=0,NA(),集計表!AT16) -> #N/A
A118: 平均価格 | B118: =集計表!D17 -> 116 | C118: =集計表!E17 -> 116 | D118: =集計表!F17 -> 116 | E118: =集計表!G17 -> 116 | F118: =集計表!H17 -> 116 | G118: =集計表!I17 -> 116 | H118: =集計表!J17 -> 116 | I118: =集計表!K17 -> 113 | ... AR118: =集計表!AT17 -> 95
A119: 平年比 | B119: =IFERROR(B117/B118, "") -> 1.0258621 | C119: =IFERROR(C117/C118, "") -> 0.99137931 | D119: =IFERROR(D117/D118, "") -> 0.92241379 | E119: =IFERROR(E117/E118, "") -> 0.93103448 | F119: =IFERROR(F117/F118, "") -> 0.96551724 | G119: =IFERROR(G117/G118, "") -> 0.95689655 | H119: =IFERROR(H117/H118, "") -> 1 | I119: =IFERROR(I117/I118, "") -> 1.0619469 | ... AR119: =IFERROR(AR117/AR118, "")
A120: 資料：alic「ベジ探」、（原資料）農林水産省「青果物卸売市場調査（日別調査）結果」
A121: 1．「だいこん」の卸売数量と価格の推移 | L121: =TEXT(集計表!$C$1,"(e.m/d～)") -> (8.6/1～)
A122: （福岡市中央卸売市場）
A155: =集計表!C19 -> 46174 | B155: =集計表!D19 -> 6/1 | C155: =集計表!E19 -> 2 | D155: =集計表!F19 -> 4 | E155: =集計表!G19 -> 5 | F155: =集計表!H19 -> 6 | G155: =集計表!I19 -> 8 | H155: =集計表!J19 -> 9 | ... AR155: =集計表!AT19 -> 31
A156: 入荷量 | B156: =IF(集計表!D21="","",集計表!D21) -> 44.641 | C156: =IF(集計表!E21="","",集計表!E21) -> 62.552 | D156: =IF(集計表!F21="","",集計表!F21) -> 71.919 | E156: =IF(集計表!G21="","",集計表!G21) -> 47.811 | F156: =IF(集計表!H21="","",集計表!H21) -> 53.359 | G156: =IF(集計表!I21="","",集計表!I21) -> 33.435 | H156: =IF(集計表!J21="","",集計表!J21) -> 43.143 | I156: =IF(集計表!K21="","",集計表!K21) -> 64.399 | ... AR156: =IF(集計表!AT21="","",集計表!AT21)
A157: 卸売価格 | B157: =IF(集計表!D22=0,NA(),集計表!D22) -> 74 | C157: =IF(集計表!E22=0,NA(),集計表!E22) -> 76 | D157: =IF(集計表!F22=0,NA(),集計表!F22) -> 70 | E157: =IF(集計表!G22=0,NA(),集計表!G22) -> 78 | F157: =IF(集計表!H22=0,NA(),集計表!H22) -> 78 | G157: =IF(集計表!I22=0,NA(),集計表!I22) -> 86 | H157: =IF(集計表!J22=0,NA(),集計表!J22) -> 90 | I157: =IF(集計表!K22=0,NA(),集計表!K22) -> 81 | ... AR157: =IF(集計表!AT22=0,NA(),集計表!AT22) -> #N/A
A158: 平均価格 | B158: =集計表!D23 -> 82 | C158: =集計表!E23 -> 82 | D158: =集計表!F23 -> 82 | E158: =集計表!G23 -> 82 | F158: =集計表!H23 -> 82 | G158: =集計表!I23 -> 82 | H158: =集計表!J23 -> 82 | I158: =集計表!K23 -> 82 | ... AR158: =集計表!AT23 -> 76
A159: 平年比 | B159: =IFERROR(B157/B158, "") -> 0.90243902 | C159: =IFERROR(C157/C158, "") -> 0.92682927 | D159: =IFERROR(D157/D158, "") -> 0.85365854 | E159: =IFERROR(E157/E158, "") -> 0.95121951 | F159: =IFERROR(F157/F158, "") -> 0.95121951 | G159: =IFERROR(G157/G158, "") -> 1.0487805 | H159: =IFERROR(H157/H158, "") -> 1.097561 | I159: =IFERROR(I157/I158, "") -> 0.98780488 | ... AR159: =IFERROR(AR157/AR158, "")
A160: 資料：alic「ベジ探」、（原資料）農林水産省「青果物卸売市場調査（日別調査）結果」

Sheet にんじん
A1: ２．「にんじん」の卸売数量と価格の推移 | L1: =TEXT(集計表!$C$1,"(e.m/d～)") -> (8.6/1～)
A2: （東京都中央卸売市場）
A35: =集計表!C27 -> 46174 | B35: =集計表!D27 -> 6/1 | C35: =集計表!E27 -> 2 | D35: =集計表!F27 -> 4 | E35: =集計表!G27 -> 5 | F35: =集計表!H27 -> 6 | G35: =集計表!I27 -> 8 | H35: =集計表!J27 -> 9 | ... AR35: =集計表!AT27 -> 31
A36: 入荷量 | B36: =IF(集計表!D29="","",集計表!D29) -> 234.441 | C36: =IF(集計表!E29="","",集計表!E29) -> 229.882 | D36: =IF(集計表!F29="","",集計表!F29) -> 270.475 | E36: =IF(集計表!G29="","",集計表!G29) -> 138.726 | F36: =IF(集計表!H29="","",集計表!H29) -> 196.738 | G36: =IF(集計表!I29="","",集計表!I29) -> 203.141 | H36: =IF(集計表!J29="","",集計表!J29) -> 248.728 | I36: =IF(集計表!K29="","",集計表!K29) -> 194.99 | ... AR36: =IF(集計表!AT29="","",集計表!AT29)
A37: 卸売価格 | B37: =IF(集計表!D30=0,NA(),集計表!D30) -> 164 | C37: =IF(集計表!E30=0,NA(),集計表!E30) -> 165 | D37: =IF(集計表!F30=0,NA(),集計表!F30) -> 166 | E37: =IF(集計表!G30=0,NA(),集計表!G30) -> 169 | F37: =IF(集計表!H30=0,NA(),集計表!H30) -> 167 | G37: =IF(集計表!I30=0,NA(),集計表!I30) -> 169 | H37: =IF(集計表!J30=0,NA(),集計表!J30) -> 173 | I37: =IF(集計表!K30=0,NA(),集計表!K30) -> 172 | ... AR37: =IF(集計表!AT30=0,NA(),集計表!AT30) -> #N/A
A38: 平均価格 | B38: =集計表!D31 -> 161 | C38: =集計表!E31 -> 161 | D38: =集計表!F31 -> 161 | E38: =集計表!G31 -> 161 | F38: =集計表!H31 -> 161 | G38: =集計表!I31 -> 161 | H38: =集計表!J31 -> 161 | I38: =集計表!K31 -> 167 | ... AR38: =集計表!AT31 -> 157
A39: 平年比 | B39: =IFERROR(B37/B38, "") -> 1.0186335 | C39: =IFERROR(C37/C38, "") -> 1.0248447 | D39: =IFERROR(D37/D38, "") -> 1.0310559 | E39: =IFERROR(E37/E38, "") -> 1.0496894 | F39: =IFERROR(F37/F38, "") -> 1.0372671 | G39: =IFERROR(G37/G38, "") -> 1.0496894 | H39: =IFERROR(H37/H38, "") -> 1.0745342 | I39: =IFERROR(I37/I38, "") -> 1.0299401 | ... AR39: =IFERROR(AR37/AR38, "")
A40: 資料：alic「ベジ探」、（原資料）農林水産省「青果物卸売市場調査（日別調査）結果」
A41: ２．「にんじん」の卸売数量と価格の推移 | L41: =TEXT(集計表!$C$1,"(e.m/d～)") -> (8.6/1～)
A42: （名古屋市中央卸売市場）
A75: =集計表!C33 -> 46174 | B75: =集計表!D33 -> 6/1 | C75: =集計表!E33 -> 2 | D75: =集計表!F33 -> 4 | E75: =集計表!G33 -> 5 | F75: =集計表!H33 -> 6 | G75: =集計表!I33 -> 8 | H75: =集計表!J33 -> 9 | ... AR75: =集計表!AT33 -> 31
A76: 入荷量 | B76: =IF(集計表!D35="","",集計表!D35) -> 117.37 | C76: =IF(集計表!E35="","",集計表!E35) -> 60.746 | D76: =IF(集計表!F35="","",集計表!F35) -> 83.366 | E76: =IF(集計表!G35="","",集計表!G35) -> 37.906 | F76: =IF(集計表!H35="","",集計表!H35) -> 29.961 | G76: =IF(集計表!I35="","",集計表!I35) -> 94.437 | H76: =IF(集計表!J35="","",集計表!J35) -> 71.686 | I76: =IF(集計表!K35="","",集計表!K35) -> 64.687 | ... AR76: =IF(集計表!AT35="","",集計表!AT35)
A77: 卸売価格 | B77: =IF(集計表!D36=0,NA(),集計表!D36) -> 152 | C77: =IF(集計表!E36=0,NA(),集計表!E36) -> 171 | D77: =IF(集計表!F36=0,NA(),集計表!F36) -> 182 | E77: =IF(集計表!G36=0,NA(),集計表!G36) -> 181 | F77: =IF(集計表!H36=0,NA(),集計表!H36) -> 186 | G77: =IF(集計表!I36=0,NA(),集計表!I36) -> 185 | H77: =IF(集計表!J36=0,NA(),集計表!J36) -> 170 | I77: =IF(集計表!K36=0,NA(),集計表!K36) -> 194 | ... AR77: =IF(集計表!AT36=0,NA(),集計表!AT36) -> #N/A
A78: 平均価格 | B78: =集計表!D37 -> 160 | C78: =集計表!E37 -> 160 | D78: =集計表!F37 -> 160 | E78: =集計表!G37 -> 160 | F78: =集計表!H37 -> 160 | G78: =集計表!I37 -> 160 | H78: =集計表!J37 -> 160 | I78: =集計表!K37 -> 182 | ... AR78: =集計表!AT37 -> 164
A79: 平年比 | B79: =IFERROR(B77/B78, "") -> 0.95 | C79: =IFERROR(C77/C78, "") -> 1.06875 | D79: =IFERROR(D77/D78, "") -> 1.1375 | E79: =IFERROR(E77/E78, "") -> 1.13125 | F79: =IFERROR(F77/F78, "") -> 1.1625 | G79: =IFERROR(G77/G78, "") -> 1.15625 | H79: =IFERROR(H77/H78, "") -> 1.0625 | I79: =IFERROR(I77/I78, "") -> 1.0659341 | ... AR79: =IFERROR(AR77/AR78, "")
A80: 資料：alic「ベジ探」、（原資料）農林水産省「青果物卸売市場調査（日別調査）結果」
A81: ２．「にんじん」の卸売数量と価格の推移 | L81: =TEXT(集計表!$C$1,"(e.m/d～)") -> (8.6/1～)
A82: （大阪市中央卸売市場）
A115: =集計表!C39 -> 46174 | B115: =集計表!D39 -> 6/1 | C115: =集計表!E39 -> 2 | D115: =集計表!F39 -> 4 | E115: =集計表!G39 -> 5 | F115: =集計表!H39 -> 6 | G115: =集計表!I39 -> 8 | H115: =集計表!J39 -> 9 | ... AR115: =集計表!AT39 -> 31
A116: 入荷量 | B116: =IF(集計表!D41="","",集計表!D41) -> 104.05 | C116: =IF(集計表!E41="","",集計表!E41) -> 68.75 | D116: =IF(集計表!F41="","",集計表!F41) -> 133.98 | E116: =IF(集計表!G41="","",集計表!G41) -> 55.87 | F116: =IF(集計表!H41="","",集計表!H41) -> 79.19 | G116: =IF(集計表!I41="","",集計表!I41) -> 122.14 | H116: =IF(集計表!J41="","",集計表!J41) -> 72.5 | I116: =IF(集計表!K41="","",集計表!K41) -> 148.18 | ... AR116: =IF(集計表!AT41="","",集計表!AT41)
A117: 卸売価格 | B117: =IF(集計表!D42=0,NA(),集計表!D42) -> 141 | C117: =IF(集計表!E42=0,NA(),集計表!E42) -> 141 | D117: =IF(集計表!F42=0,NA(),集計表!F42) -> 135 | E117: =IF(集計表!G42=0,NA(),集計表!G42) -> 151 | F117: =IF(集計表!H42=0,NA(),集計表!H42) -> 159 | G117: =IF(集計表!I42=0,NA(),集計表!I42) -> 159 | H117: =IF(集計表!J42=0,NA(),集計表!J42) -> 168 | I117: =IF(集計表!K42=0,NA(),集計表!K42) -> 159 | ... AR117: =IF(集計表!AT42=0,NA(),集計表!AT42) -> #N/A
A118: 平均価格 | B118: =集計表!D43 -> 140 | C118: =集計表!E43 -> 140 | D118: =集計表!F43 -> 140 | E118: =集計表!G43 -> 140 | F118: =集計表!H43 -> 140 | G118: =集計表!I43 -> 140 | H118: =集計表!J43 -> 140 | I118: =集計表!K43 -> 143 | ... AR118: =集計表!AT43 -> 167
A119: 平年比 | B119: =IFERROR(B117/B118, "") -> 1.0071429 | C119: =IFERROR(C117/C118, "") -> 1.0071429 | D119: =IFERROR(D117/D118, "") -> 0.96428571 | E119: =IFERROR(E117/E118, "") -> 1.0785714 | F119: =IFERROR(F117/F118, "") -> 1.1357143 | G119: =IFERROR(G117/G118, "") -> 1.1357143 | H119: =IFERROR(H117/H118, "") -> 1.2 | I119: =IFERROR(I117/I118, "") -> 1.1118881 | ... AR119: =IFERROR(AR117/AR118, "")
A120: 資料：alic「ベジ探」、（原資料）農林水産省「青果物卸売市場調査（日別調査）結果」
A121: ２．「にんじん」の卸売数量と価格の推移 | L121: =TEXT(集計表!$C$1,"(e.m/d～)") -> (8.6/1～)
A122: （福岡市中央卸売市場）
A155: =集計表!C45 -> 46174 | B155: =集計表!D45 -> 6/1 | C155: =集計表!E45 -> 2 | D155: =集計表!F45 -> 4 | E155: =集計表!G45 -> 5 | F155: =集計表!H45 -> 6 | G155: =集計表!I45 -> 8 | H155: =集計表!J45 -> 9 | ... AR155: =集計表!AT45 -> 31
A156: 入荷量 | B156: =IF(集計表!D47="","",集計表!D47) -> 48.38 | C156: =IF(集計表!E47="","",集計表!E47) -> 52.14 | D156: =IF(集計表!F47="","",集計表!F47) -> 49.55 | E156: =IF(集計表!G47="","",集計表!G47) -> 43.97 | F156: =IF(集計表!H47="","",集計表!H47) -> 68.667 | G156: =IF(集計表!I47="","",集計表!I47) -> 44.33 | H156: =IF(集計表!J47="","",集計表!J47) -> 48.23 | I156: =IF(集計表!K47="","",集計表!K47) -> 46.293 | ... AR156: =IF(集計表!AT47="","",集計表!AT47)
A157: 卸売価格 | B157: =IF(集計表!D48=0,NA(),集計表!D48) -> 122 | C157: =IF(集計表!E48=0,NA(),集計表!E48) -> 135 | D157: =IF(集計表!F48=0,NA(),集計表!F48) -> 133 | E157: =IF(集計表!G48=0,NA(),集計表!G48) -> 130 | F157: =IF(集計表!H48=0,NA(),集計表!H48) -> 114 | G157: =IF(集計表!I48=0,NA(),集計表!I48) -> 138 | H157: =IF(集計表!J48=0,NA(),集計表!J48) -> 139 | I157: =IF(集計表!K48=0,NA(),集計表!K48) -> 136 | ... AR157: =IF(集計表!AT48=0,NA(),集計表!AT48) -> #N/A
A158: 平均価格 | B158: =集計表!D49 -> 128 | C158: =集計表!E49 -> 128 | D158: =集計表!F49 -> 128 | E158: =集計表!G49 -> 128 | F158: =集計表!H49 -> 128 | G158: =集計表!I49 -> 128 | H158: =集計表!J49 -> 128 | I158: =集計表!K49 -> 133 | ... AR158: =集計表!AT49 -> 164
A159: 平年比 | B159: =IFERROR(B157/B158, "") -> 0.953125 | C159: =IFERROR(C157/C158, "") -> 1.0546875 | D159: =IFERROR(D157/D158, "") -> 1.0390625 | E159: =IFERROR(E157/E158, "") -> 1.015625 | F159: =IFERROR(F157/F158, "") -> 0.890625 | G159: =IFERROR(G157/G158, "") -> 1.078125 | H159: =IFERROR(H157/H158, "") -> 1.0859375 | I159: =IFERROR(I157/I158, "") -> 1.0225564 | ... AR159: =IFERROR(AR157/AR158, "")
A160: 資料：alic「ベジ探」、（原資料）農林水産省「青果物卸売市場調査（日別調査）結果」

Sheet 集計表
A1: だいこん | B1: 東京都 | C1: 46174 | D1: 6/1 | E1: 2 | F1: 4 | G1: 5 | H1: 6 | I1: 8 | J1: 9 | K1: 11 | L1: 12 | M1: 13 | N1: 15 | O1: 16 | P1: 18 | Q1: 19 | R1: 20 | S1: 22 | T1: 23 | U1: 25 | V1: 26 | W1: 27 | X1: 29 | Y1: 30 | Z1: 7/2 | AA1: 3 | AB1: 4 | AC1: 6 | AD1: 7 | AE1: 9 | AF1: 10 | AG1: 11 | AH1: 13 | AI1: 14 | AJ1: 16 | AK1: 17 | AL1: 18 | AM1: 21 | AN1: 23 | AO1: 24 | AP1: 25 | AQ1: 27 | AR1: 28 | AS1: 30 | AT1: 31
C2: 入荷量 | D2: 352068 | E2: 427073 | F2: 229601 | G2: 220352 | H2: 318720 | I2: 338000 | J2: 318537 | K2: 245784 | L2: 272569 | M2: 329894 | N2: 293338 | O2: 301838 | P2: 243982 | Q2: 270867 | R2: 249471 | S2: 259166 | T2: 215102 | U2: 203831 | V2: 170623 | W2: 255034 | X2: 218032 | Y2: 216847 | Z2: 264014 | AA2: 331463 | AB2: 243026 | AC2: 267024 | AD2: 269599
C3: トン | D3: 352.068 | E3: 427.073 | F3: 229.601 | G3: 220.352 | H3: 318.72 | I3: 338 | J3: 318.537 | K3: 245.784 | L3: 272.569 | M3: 329.894 | N3: 293.338 | O3: 301.838 | P3: 243.982 | Q3: 270.867 | R3: 249.471 | S3: 259.166 | T3: 215.102 | U3: 203.831 | V3: 170.623 | W3: 255.034 | X3: 218.032 | Y3: 216.847 | Z3: 264.014 | AA3: 331.463 | AB3: 243.026 | AC3: 267.024 | AD3: 269.599
C4: 卸売価格 | D4: 81 | E4: 75 | F4: 93 | G4: 93 | H4: 93 | I4: 90 | J4: 100 | K4: 112 | L4: 111 | M4: 115 | N4: 112 | O4: 109 | P4: 110 | Q4: 108 | R4: 108 | S4: 116 | T4: 115 | U4: 122 | V4: 136 | W4: 135 | X4: 149 | Y4: 142 | Z4: 147 | AA4: 145 | AB4: 147 | AC4: 149 | AD4: 148
C5: 平均価格 | D5: 104 | E5: 104 | F5: 104 | G5: 104 | H5: 104 | I5: 104 | J5: 104 | K5: 104 | L5: 104 | M5: 104 | N5: 104 | O5: 104 | P5: 104 | Q5: 104 | R5: 104 | S5: 98 | T5: 98 | U5: 98 | V5: 98 | W5: 98 | X5: 98 | Y5: 98 | Z5: 112 | AA5: 112 | AB5: 112 | AC5: 112 | AD5: 112 | AE5: 112 | AF5: 112 | AG5: 102 | AH5: 102 | AI5: 102 | AJ5: 102 | AK5: 102 | AL5: 102 | AM5: 102 | AN5: 102 | AO5: 102 | AP5: 102 | AQ5: 102 | AR5: 102 | AS5: 102 | AT5: 102
A7: だいこん | B7: 名古屋市 | C7: =$C$1 -> 46174 | D7: 6/1 | E7: 2 | F7: 4 | G7: 5 | H7: 6 | I7: 8 | J7: 9 | K7: 11 | L7: 12 | M7: 13 | N7: 15 | O7: 16 | P7: 18 | Q7: 19 | R7: 20 | S7: 22 | T7: 23 | U7: 25 | V7: 26 | W7: 27 | X7: 29 | Y7: 30 | Z7: 7/2 | AA7: 3 | AB7: 4 | AC7: 6 | AD7: 7 | AE7: 9 | AF7: 10 | AG7: 11 | AH7: 13 | AI7: 14 | AJ7: 16 | AK7: 17 | AL7: 18 | AM7: 21 | AN7: 23 | AO7: 24 | AP7: 25 | AQ7: 27 | AR7: 28 | AS7: 30 | AT7: 31
C8: 入荷量 | D8: 76071 | E8: 53303 | F8: 36196 | G8: 55909 | H8: 69414 | I8: 64429 | J8: 48494 | K8: 51405 | L8: 61101 | M8: 77545 | N8: 54611 | O8: 46101 | P8: 61088 | Q8: 68787 | R8: 47114 | S8: 80180 | T8: 50239 | U8: 33943 | V8: 71227 | W8: 42177 | X8: 100815 | Y8: 74498 | Z8: 56648 | AA8: 67275 | AB8: 62275 | AC8: 68959 | AD8: 71048
C9: トン | D9: 76.071 | E9: 53.303 | F9: 36.196 | G9: 55.909 | H9: 69.414 | I9: 64.429 | J9: 48.494 | K9: 51.405 | L9: 61.101 | M9: 77.545 | N9: 54.611 | O9: 46.101 | P9: 61.088 | Q9: 68.787 | R9: 47.114 | S9: 80.18 | T9: 50.239 | U9: 33.943 | V9: 71.227 | W9: 42.177 | X9: 100.815 | Y9: 74.498 | Z9: 56.648 | AA9: 67.275 | AB9: 62.275 | AC9: 68.959 | AD9: 71.048
C10: 卸売価格 | D10: 106 | E10: 111 | F10: 115 | G10: 103 | H10: 109 | I10: 114 | J10: 109 | K10: 110 | L10: 113 | M10: 119 | N10: 123 | O10: 131 | P10: 123 | Q10: 115 | R10: 127 | S10: 124 | T10: 132 | U10: 144 | V10: 137 | W10: 147 | X10: 134 | Y10: 138 | Z10: 155 | AA10: 139 | AB10: 149 | AC10: 154 | AD10: 151
C11: 平均価格 | D11: 111 | E11: 111 | F11: 111 | G11: 111 | H11: 111 | I11: 111 | J11: 111 | K11: 116 | L11: 116 | M11: 116 | N11: 116 | O11: 116 | P11: 116 | Q11: 116 | R11: 116 | S11: 104 | T11: 104 | U11: 104 | V11: 104 | W11: 104 | X11: 104 | Y11: 104 | Z11: 112 | AA11: 112 | AB11: 112 | AC11: 112 | AD11: 112 | AE11: 112 | AF11: 112 | AG11: 106 | AH11: 106 | AI11: 106 | AJ11: 106 | AK11: 106 | AL11: 106 | AM11: 109 | AN11: 109 | AO11: 109 | AP11: 109 | AQ11: 109 | AR11: 109 | AS11: 109 | AT11: 109
A13: だいこん | B13: 大阪市 | C13: =$C$1 -> 46174 | D13: 6/1 | E13: 2 | F13: 4 | G13: 5 | H13: 6 | I13: 8 | J13: 9 | K13: 11 | L13: 12 | M13: 13 | N13: 15 | O13: 16 | P13: 18 | Q13: 19 | R13: 20 | S13: 22 | T13: 23 | U13: 25 | V13: 26 | W13: 27 | X13: 29 | Y13: 30 | Z13: 7/2 | AA13: 3 | AB13: 4 | AC13: 6 | AD13: 7 | AE13: 9 | AF13: 10 | AG13: 11 | AH13: 13 | AI13: 14 | AJ13: 16 | AK13: 17 | AL13: 18 | AM13: 21 | AN13: 23 | AO13: 24 | AP13: 25 | AQ13: 27 | AR13: 28 | AS13: 30 | AT13: 31
C14: 入荷量 | D14: 78354 | E14: 86690 | F14: 77043 | G14: 84767 | H14: 87318 | I14: 88883 | J14: 74004 | K14: 92471 | L14: 61011 | M14: 85020 | N14: 93109 | O14: 82009 | P14: 108929 | Q14: 101349 | R14: 109698 | S14: 91276 | T14: 88927 | U14: 71609 | V14: 70146 | W14: 113005 | X14: 117640 | Y14: 96501 | Z14: 114602 | AA14: 85029 | AB14: 97601 | AC14: 116442 | AD14: 89038
C15: トン | D15: 78.354 | E15: 86.69 | F15: 77.043 | G15: 84.767 | H15: 87.318 | I15: 88.883 | J15: 74.004 | K15: 92.471 | L15: 61.011 | M15: 85.02 | N15: 93.109 | O15: 82.009 | P15: 108.929 | Q15: 101.349 | R15: 109.698 | S15: 91.276 | T15: 88.927 | U15: 71.609 | V15: 70.146 | W15: 113.005 | X15: 117.64 | Y15: 96.501 | Z15: 114.602 | AA15: 85.029 | AB15: 97.601 | AC15: 116.442 | AD15: 89.038
C16: 卸売価格 | D16: 119 | E16: 115 | F16: 107 | G16: 108 | H16: 112 | I16: 111 | J16: 116 | K16: 120 | L16: 125 | M16: 120 | N16: 126 | O16: 123 | P16: 126 | Q16: 121 | R16: 122 | S16: 121 | T16: 130 | U16: 135 | V16: 136 | W16: 135 | X16: 139 | Y16: 141 | Z16: 144 | AA16: 144 | AB16: 142 | AC16: 145 | AD16: 148
C17: 平均価格 | D17: 116 | E17: 116 | F17: 116 | G17: 116 | H17: 116 | I17: 116 | J17: 116 | K17: 113 | L17: 113 | M17: 113 | N17: 113 | O17: 113 | P17: 113 | Q17: 113 | R17: 113 | S17: 102 | T17: 102 | U17: 102 | V17: 102 | W17: 102 | X17: 102 | Y17: 102 | Z17: 104 | AA17: 104 | AB17: 104 | AC17: 104 | AD17: 104 | AE17: 104 | AF17: 104 | AG17: 99 | AH17: 99 | AI17: 99 | AJ17: 99 | AK17: 99 | AL17: 99 | AM17: 95 | AN17: 95 | AO17: 95 | AP17: 95 | AQ17: 95 | AR17: 95 | AS17: 95 | AT17: 95
A19: だいこん | B19: 福岡市 | C19: =$C$1 -> 46174 | D19: 6/1 | E19: 2 | F19: 4 | G19: 5 | H19: 6 | I19: 8 | J19: 9 | K19: 11 | L19: 12 | M19: 13 | N19: 15 | O19: 16 | P19: 18 | Q19: 19 | R19: 20 | S19: 22 | T19: 23 | U19: 25 | V19: 26 | W19: 27 | X19: 29 | Y19: 30 | Z19: 7/2 | AA19: 3 | AB19: 4 | AC19: 6 | AD19: 7 | AE19: 9 | AF19: 10 | AG19: 11 | AH19: 13 | AI19: 14 | AJ19: 16 | AK19: 17 | AL19: 18 | AM19: 21 | AN19: 23 | AO19: 24 | AP19: 25 | AQ19: 27 | AR19: 28 | AS19: 30 | AT19: 31
C20: 入荷量 | D20: 44641 | E20: 62552 | F20: 71919 | G20: 47811 | H20: 53359 | I20: 33435 | J20: 43143 | K20: 64399 | L20: 38068 | M20: 55957 | N20: 31990 | O20: 60609 | P20: 54825 | Q20: 41296 | R20: 49444 | S20: 66803 | T20: 41916 | U20: 50999 | V20: 36766 | W20: 57384 | X20: 71733 | Y20: 57477 | Z20: 52498 | AA20: 61426 | AB20: 59072 | AC20: 58342 | AD20: 54567
C21: トン | D21: 44.641 | E21: 62.552 | F21: 71.919 | G21: 47.811 | H21: 53.359 | I21: 33.435 | J21: 43.143 | K21: 64.399 | L21: 38.068 | M21: 55.957 | N21: 31.99 | O21: 60.609 | P21: 54.825 | Q21: 41.296 | R21: 49.444 | S21: 66.803 | T21: 41.916 | U21: 50.999 | V21: 36.766 | W21: 57.384 | X21: 71.733 | Y21: 57.477 | Z21: 52.498 | AA21: 61.426 | AB21: 59.072 | AC21: 58.342 | AD21: 54.567
C22: 卸売価格 | D22: 74 | E22: 76 | F22: 70 | G22: 78 | H22: 78 | I22: 86 | J22: 90 | K22: 81 | L22: 85 | M22: 87 | N22: 91 | O22: 92 | P22: 101 | Q22: 103 | R22: 106 | S22: 102 | T22: 101 | U22: 99 | V22: 99 | W22: 107 | X22: 115 | Y22: 117 | Z22: 117 | AA22: 128 | AB22: 120 | AC22: 124 | AD22: 120
C23: 平均価格 | D23: 82 | E23: 82 | F23: 82 | G23: 82 | H23: 82 | I23: 82 | J23: 82 | K23: 82 | L23: 82 | M23: 82 | N23: 82 | O23: 82 | P23: 82 | Q23: 82 | R23: 82 | S23: 79 | T23: 79 | U23: 79 | V23: 79 | W23: 79 | X23: 79 | Y23: 79 | Z23: 85 | AA23: 85 | AB23: 85 | AC23: 85 | AD23: 85 | AE23: 85 | AF23: 85 | AG23: 86 | AH23: 86 | AI23: 86 | AJ23: 86 | AK23: 86 | AL23: 86 | AM23: 76 | AN23: 76 | AO23: 76 | AP23: 76 | AQ23: 76 | AR23: 76 | AS23: 76 | AT23: 76
A27: にんじん | B27: 東京都 | C27: =$C$1 -> 46174 | D27: 6/1 | E27: 2 | F27: 4 | G27: 5 | H27: 6 | I27: 8 | J27: 9 | K27: 11 | L27: 12 | M27: 13 | N27: 15 | O27: 16 | P27: 18 | Q27: 19 | R27: 20 | S27: 22 | T27: 23 | U27: 25 | V27: 26 | W27: 27 | X27: 29 | Y27: 30 | Z27: 7/2 | AA27: 3 | AB27: 4 | AC27: 6 | AD27: 7 | AE27: 9 | AF27: 10 | AG27: 11 | AH27: 13 | AI27: 14 | AJ27: 16 | AK27: 17 | AL27: 18 | AM27: 21 | AN27: 23 | AO27: 24 | AP27: 25 | AQ27: 27 | AR27: 28 | AS27: 30 | AT27: 31
C28: 入荷量 | D28: 234441 | E28: 229882 | F28: 270475 | G28: 138726 | H28: 196738 | I28: 203141 | J28: 248728 | K28: 194990 | L28: 226156 | M28: 254203 | N28: 261952 | O28: 234196 | P28: 233738 | Q28: 254421 | R28: 173156 | S28: 292133 | T28: 208075 | U28: 277053 | V28: 220275 | W28: 242229 | X28: 244361 | Y28: 193927 | Z28: 245424 | AA28: 225849 | AB28: 268223 | AC28: 288687 | AD28: 284603
C29: トン | D29: 234.441 | E29: 229.882 | F29: 270.475 | G29: 138.726 | H29: 196.738 | I29: 203.141 | J29: 248.728 | K29: 194.99 | L29: 226.156 | M29: 254.203 | N29: 261.952 | O29: 234.196 | P29: 233.738 | Q29: 254.421 | R29: 173.156 | S29: 292.133 | T29: 208.075 | U29: 277.053 | V29: 220.275 | W29: 242.229 | X29: 244.361 | Y29: 193.927 | Z29: 245.424 | AA29: 225.849 | AB29: 268.223 | AC29: 288.687 | AD29: 284.603
C30: 卸売価格 | D30: 164 | E30: 165 | F30: 166 | G30: 169 | H30: 167 | I30: 169 | J30: 173 | K30: 172 | L30: 170 | M30: 169 | N30: 171 | O30: 168 | P30: 167 | Q30: 164 | R30: 170 | S30: 158 | T30: 166 | U30: 158 | V30: 171 | W30: 168 | X30: 159 | Y30: 173 | Z30: 158 | AA30: 156 | AB30: 164 | AC30: 162 | AD30: 158
C31: 平均価格 | D31: 161 | E31: 161 | F31: 161 | G31: 161 | H31: 161 | I31: 161 | J31: 161 | K31: 167 | L31: 167 | M31: 167 | N31: 167 | O31: 167 | P31: 167 | Q31: 167 | R31: 167 | S31: 160 | T31: 160 | U31: 160 | V31: 160 | W31: 160 | X31: 160 | Y31: 160 | Z31: 154 | AA31: 154 | AB31: 154 | AC31: 154 | AD31: 154 | AE31: 154 | AF31: 154 | AG31: 166 | AH31: 166 | AI31: 166 | AJ31: 166 | AK31: 166 | AL31: 166 | AM31: 157 | AN31: 157 | AO31: 157 | AP31: 157 | AQ31: 157 | AR31: 157 | AS31: 157 | AT31: 157
A33: にんじん | B33: 名古屋市 | C33: =$C$1 -> 46174 | D33: 6/1 | E33: 2 | F33: 4 | G33: 5 | H33: 6 | I33: 8 | J33: 9 | K33: 11 | L33: 12 | M33: 13 | N33: 15 | O33: 16 | P33: 18 | Q33: 19 | R33: 20 | S33: 22 | T33: 23 | U33: 25 | V33: 26 | W33: 27 | X33: 29 | Y33: 30 | Z33: 7/2 | AA33: 3 | AB33: 4 | AC33: 6 | AD33: 7 | AE33: 9 | AF33: 10 | AG33: 11 | AH33: 13 | AI33: 14 | AJ33: 16 | AK33: 17 | AL33: 18 | AM33: 21 | AN33: 23 | AO33: 24 | AP33: 25 | AQ33: 27 | AR33: 28 | AS33: 30 | AT33: 31
C34: 入荷量 | D34: 117370 | E34: 60746 | F34: 83366 | G34: 37906 | H34: 29961 | I34: 94437 | J34: 71686 | K34: 64687 | L34: 48093 | M34: 55350 | N34: 111608 | O34: 80912 | P34: 81392 | Q34: 57958 | R34: 53783 | S34: 56901 | T34: 30902 | U34: 76185 | V34: 52667 | W34: 55433 | X34: 66623 | Y34: 68274 | Z34: 81835 | AA34: 76548 | AB34: 63225 | AC34: 77876 | AD34: 58677
C35: トン | D35: 117.37 | E35: 60.746 | F35: 83.366 | G35: 37.906 | H35: 29.961 | I35: 94.437 | J35: 71.686 | K35: 64.687 | L35: 48.093 | M35: 55.35 | N35: 111.608 | O35: 80.912 | P35: 81.392 | Q35: 57.958 | R35: 53.783 | S35: 56.901 | T35: 30.902 | U35: 76.185 | V35: 52.667 | W35: 55.433 | X35: 66.623 | Y35: 68.274 | Z35: 81.835 | AA35: 76.548 | AB35: 63.225 | AC35: 77.876 | AD35: 58.677
C36: 卸売価格 | D36: 152 | E36: 171 | F36: 182 | G36: 181 | H36: 186 | I36: 185 | J36: 170 | K36: 194 | L36: 205 | M36: 200 | N36: 191 | O36: 177 | P36: 185 | Q36: 186 | R36: 199 | S36: 182 | T36: 185 | U36: 180 | V36: 133 | W36: 194 | X36: 197 | Y36: 180 | Z36: 183 | AA36: 188 | AB36: 182 | AC36: 190 | AD36: 191
C37: 平均価格 | D37: 160 | E37: 160 | F37: 160 | G37: 160 | H37: 160 | I37: 160 | J37: 160 | K37: 182 | L37: 182 | M37: 182 | N37: 182 | O37: 182 | P37: 182 | Q37: 182 | R37: 182 | S37: 168 | T37: 168 | U37: 168 | V37: 168 | W37: 168 | X37: 168 | Y37: 168 | Z37: 163 | AA37: 163 | AB37: 163 | AC37: 163 | AD37: 163 | AE37: 163 | AF37: 163 | AG37: 174 | AH37: 174 | AI37: 174 | AJ37: 174 | AK37: 174 | AL37: 174 | AM37: 164 | AN37: 164 | AO37: 164 | AP37: 164 | AQ37: 164 | AR37: 164 | AS37: 164 | AT37: 164
A39: にんじん | B39: 大阪市 | C39: =$C$1 -> 46174 | D39: 6/1 | E39: 2 | F39: 4 | G39: 5 | H39: 6 | I39: 8 | J39: 9 | K39: 11 | L39: 12 | M39: 13 | N39: 15 | O39: 16 | P39: 18 | Q39: 19 | R39: 20 | S39: 22 | T39: 23 | U39: 25 | V39: 26 | W39: 27 | X39: 29 | Y39: 30 | Z39: 7/2 | AA39: 3 | AB39: 4 | AC39: 6 | AD39: 7 | AE39: 9 | AF39: 10 | AG39: 11 | AH39: 13 | AI39: 14 | AJ39: 16 | AK39: 17 | AL39: 18 | AM39: 21 | AN39: 23 | AO39: 24 | AP39: 25 | AQ39: 27 | AR39: 28 | AS39: 30 | AT39: 31
C40: 入荷量 | D40: 104050 | E40: 68750 | F40: 133980 | G40: 55870 | H40: 79190 | I40: 122140 | J40: 72500 | K40: 148180 | L40: 101000 | M40: 105460 | N40: 135320 | O40: 77100 | P40: 150910 | Q40: 86740 | R40: 98420 | S40: 108670 | T40: 66560 | U40: 126250 | V40: 109410 | W40: 108510 | X40: 110800 | Y40: 91920 | Z40: 114580 | AA40: 110530 | AB40: 102050 | AC40: 124220 | AD40: 102420
C41: トン | D41: 104.05 | E41: 68.75 | F41: 133.98 | G41: 55.87 | H41: 79.19 | I41: 122.14 | J41: 72.5 | K41: 148.18 | L41: 101 | M41: 105.46 | N41: 135.32 | O41: 77.1 | P41: 150.91 | Q41: 86.74 | R41: 98.42 | S41: 108.67 | T41: 66.56 | U41: 126.25 | V41: 109.41 | W41: 108.51 | X41: 110.8 | Y41: 91.92 | Z41: 114.58 | AA41: 110.53 | AB41: 102.05 | AC41: 124.22 | AD41: 102.42
C42: 卸売価格 | D42: 141 | E42: 141 | F42: 135 | G42: 151 | H42: 159 | I42: 159 | J42: 168 | K42: 159 | L42: 164 | M42: 164 | N42: 153 | O42: 164 | P42: 153 | Q42: 155 | R42: 153 | S42: 153 | T42: 158 | U42: 157 | V42: 160 | W42: 170 | X42: 173 | Y42: 157 | Z42: 157 | AA42: 160 | AB42: 156 | AC42: 173 | AD42: 166
C43: 平均価格 | D43: 140 | E43: 140 | F43: 140 | G43: 140 | H43: 140 | I43: 140 | J43: 140 | K43: 143 | L43: 143 | M43: 143 | N43: 143 | O43: 143 | P43: 143 | Q43: 143 | R43: 143 | S43: 138 | T43: 138 | U43: 138 | V43: 138 | W43: 138 | X43: 138 | Y43: 138 | Z43: 147 | AA43: 147 | AB43: 147 | AC43: 147 | AD43: 147 | AE43: 147 | AF43: 147 | AG43: 172 | AH43: 172 | AI43: 172 | AJ43: 172 | AK43: 172 | AL43: 172 | AM43: 167 | AN43: 167 | AO43: 167 | AP43: 167 | AQ43: 167 | AR43: 167 | AS43: 167 | AT43: 167
A45: にんじん | B45: 福岡市 | C45: =$C$1 -> 46174 | D45: 6/1 | E45: 2 | F45: 4 | G45: 5 | H45: 6 | I45: 8 | J45: 9 | K45: 11 | L45: 12 | M45: 13 | N45: 15 | O45: 16 | P45: 18 | Q45: 19 | R45: 20 | S45: 22 | T45: 23 | U45: 25 | V45: 26 | W45: 27 | X45: 29 | Y45: 30 | Z45: 7/2 | AA45: 3 | AB45: 4 | AC45: 6 | AD45: 7 | AE45: 9 | AF45: 10 | AG45: 11 | AH45: 13 | AI45: 14 | AJ45: 16 | AK45: 17 | AL45: 18 | AM45: 21 | AN45: 23 | AO45: 24 | AP45: 25 | AQ45: 27 | AR45: 28 | AS45: 30 | AT45: 31
C46: 入荷量 | D46: 48380 | E46: 52140 | F46: 49550 | G46: 43970 | H46: 68667 | I46: 44330 | J46: 48230 | K46: 46293 | L46: 46030 | M46: 69300 | N46: 44610 | O46: 41570 | P46: 49614 | Q46: 45658 | R46: 42590 | S46: 70190 | T46: 46770 | U46: 40304 | V46: 43440 | W46: 38714 | X46: 42977 | Y46: 42890 | Z46: 51315 | AA46: 45964 | AB46: 52316 | AC46: 64710 | AD46: 44350
C47: トン | D47: 48.38 | E47: 52.14 | F47: 49.55 | G47: 43.97 | H47: 68.667 | I47: 44.33 | J47: 48.23 | K47: 46.293 | L47: 46.03 | M47: 69.3 | N47: 44.61 | O47: 41.57 | P47: 49.614 | Q47: 45.658 | R47: 42.59 | S47: 70.19 | T47: 46.77 | U47: 40.304 | V47: 43.44 | W47: 38.714 | X47: 42.977 | Y47: 42.89 | Z47: 51.315 | AA47: 45.964 | AB47: 52.316 | AC47: 64.71 | AD47: 44.35
C48: 卸売価格 | D48: 122 | E48: 135 | F48: 133 | G48: 130 | H48: 114 | I48: 138 | J48: 139 | K48: 136 | L48: 136 | M48: 125 | N48: 131 | O48: 144 | P48: 129 | Q48: 124 | R48: 126 | S48: 128 | T48: 136 | U48: 150 | V48: 149 | W48: 138 | X48: 174 | Y48: 160 | Z48: 164 | AA48: 163 | AB48: 163 | AC48: 162 | AD48: 162
C49: 平均価格 | D49: 128 | E49: 128 | F49: 128 | G49: 128 | H49: 128 | I49: 128 | J49: 128 | K49: 133 | L49: 133 | M49: 133 | N49: 133 | O49: 133 | P49: 133 | Q49: 133 | R49: 133 | S49: 127 | T49: 127 | U49: 127 | V49: 127 | W49: 127 | X49: 127 | Y49: 127 | Z49: 148 | AA49: 148 | AB49: 148 | AC49: 148 | AD49: 148 | AE49: 148 | AF49: 148 | AG49: 159 | AH49: 159 | AI49: 159 | AJ49: 159 | AK49: 159 | AL49: 159 | AM49: 164 | AN49: 164 | AO49: 164 | AP49: 164 | AQ49: 164 | AR49: 164 | AS49: 164 | AT49: 164
